cluster2,numero_de_cliente
1,4572841
1,4579372
1,4579843
1,4595212
1,4597311
1,4597851
1,4603880
1,4604458
1,4606365
1,4609795
1,4621140
1,4622475
1,4622484
1,4625139
1,4631780
1,4638387
1,4651751
1,4659863
1,4673799
1,4692840
1,4694128
1,4694618
1,4699139
1,4704480
1,4704876
1,4717992
1,4719233
1,4721102
1,4722798
1,4725123
1,4735110
1,4738500
1,4741079
1,4756580
1,4765260
1,4799227
1,4803286
1,4807320
1,4808124
1,4817467
1,4831425
1,4831686
1,4833329
1,4850900
1,4855075
1,4868323
1,4873988
1,4884942
1,4887154
1,4900924
1,4902504
1,4904015
1,4904298
1,4905689
1,4910574
1,4914926
1,4918102
1,4922340
1,4927178
1,4934111
1,4940897
1,4945245
1,4949068
1,4953068
1,4953655
1,4955198
1,4956024
1,4960997
1,4961625
1,4963815
1,4967183
1,4970425
1,4984207
1,4985712
1,4987330
1,4988181
1,4999610
1,5006996
1,5009641
1,5012302
1,5013795
1,5015174
1,5019113
1,5023232
1,5044353
1,5044362
1,5047268
1,5050284
1,5058986
1,5064644
1,5066316
1,5067714
1,5071547
1,5076020
1,5086155
1,5102837
1,5108818
1,5109839
1,5111574
1,5112161
1,5112554
1,5122349
1,5132877
1,5133251
1,5140740
1,5146863
1,5147008
1,5153467
1,5153941
1,5161167
1,5167937
1,5170010
1,5170114
1,5170925
1,5173202
1,5178609
1,5182954
1,5183447
1,5194348
1,5198957
1,5199513
1,5200248
1,5204546
1,5225485
1,5232189
1,5246737
1,5247909
1,5264183
1,5267393
1,5274352
1,5274698
1,5277318
1,5292237
1,5292523
1,5297066
1,5303073
1,5303682
1,5306399
1,5307018
1,5310722
1,5311715
1,5326851
1,5329273
1,5333226
1,5343907
1,5347422
1,5360900
1,5382008
1,5382684
1,5390217
1,5403845
1,5407590
1,5409745
1,5419905
1,5429745
1,5430574
1,5435817
1,5442531
1,5445431
1,5447071
1,5448855
1,5458145
1,5459103
1,5468917
1,5469486
1,5475992
1,5489605
1,5494832
1,5499856
1,5501800
1,5504471
1,5506268
1,5506334
1,5515262
1,5517094
1,5517367
1,5518275
1,5527345
1,5542474
1,5546848
1,5552455
1,5559119
1,5559392
1,5562370
1,5562402
1,5570997
1,5576397
1,5584248
1,5597562
1,5602809
1,5605482
1,5610147
1,5610490
1,5612742
1,5614448
1,5623512
1,5626732
1,5629493
1,5636009
1,5637690
1,5639223
1,5650504
1,5651855
1,5661019
1,5661811
1,5663705
1,5666483
1,5667353
1,5676821
1,5686014
1,5686881
1,5690220
1,5692438
1,5702639
1,5719051
1,5721030
1,5725623
1,5727583
1,5749659
1,5751478
1,5753206
1,5762797
1,5766269
1,5767042
1,5768245
1,5778135
1,5785455
1,5789617
1,5792504
1,5793896
1,5793940
1,5795288
1,5797019
1,5801932
1,5805900
1,5806104
1,5816748
1,5818818
1,5822120
1,5828117
1,5839722
1,5843807
1,5844897
1,5863495
1,5865917
1,5869442
1,5877265
1,5880111
1,5880284
1,5898502
1,5909513
1,5927436
1,5927445
1,5933106
1,5938438
1,5955358
1,5974475
1,5975087
1,5975772
1,5976520
1,6000798
1,6002592
1,6006626
1,6014829
1,6018495
1,6020286
1,6021903
1,6023606
1,6024200
1,6027681
1,6032123
1,6035271
1,6035327
1,6036923
1,6038579
1,6040159
1,6052151
1,6054237
1,6054419
1,6070020
1,6073730
1,6085009
1,6085285
1,6089225
1,6089498
1,6096205
1,6096435
1,6099793
1,6103246
1,6116371
1,6116808
1,6119290
1,6120581
1,6121011
1,6123562
1,6127119
1,6134209
1,6137970
1,6143065
1,6144378
1,6154469
1,6154482
1,6158157
1,6158977
1,6168698
1,6176988
1,6184497
1,6186715
1,6191138
1,6200139
1,6202215
1,6205919
1,6206133
1,6210889
1,6211395
1,6217804
1,6222004
1,6222284
1,6222491
1,6227964
1,6230807
1,6241268
1,6244159
1,6244799
1,6244982
1,6250778
1,6252232
1,6264199
1,6268449
1,6278851
1,6279489
1,6281914
1,6292316
1,6294924
1,6295919
1,6297079
1,6304644
1,6310921
1,6314317
1,6314964
1,6318806
1,6331602
1,6336562
1,6342283
1,6376121
1,6378782
1,6379731
1,6385926
1,6391713
1,6399347
1,6399944
1,6402668
1,6405932
1,6410075
1,6422758
1,6426182
1,6429736
1,6439770
1,6446000
1,6475590
1,6477359
1,6480369
1,6488395
1,6490557
1,6490610
1,6494886
1,6495920
1,6506469
1,6510032
1,6510217
1,6510613
1,6513575
1,6514059
1,6530710
1,6531404
1,6550300
1,6552006
1,6562063
1,6566731
1,6568377
1,6569756
1,6569781
1,6576649
1,6577240
1,6589077
1,6591085
1,6591678
1,6603268
1,6608464
1,6622614
1,6625875
1,6652233
1,6654212
1,6654435
1,6656386
1,6659285
1,6673938
1,6674638
1,6679492
1,6700465
1,6701348
1,6708759
1,6716393
1,6719544
1,6732736
1,6733235
1,6737276
1,6742852
1,6745378
1,6745748
1,6752358
1,6757994
1,6778028
1,6796535
1,6796557
1,6797167
1,6814169
1,6850059
1,6870357
1,6870821
1,6874629
1,6885131
1,6885144
1,6903799
1,6917166
1,6924153
1,6929082
1,6942277
1,6950649
1,6960878
1,6973156
1,6977466
1,6980435
1,6990783
1,7015432
1,7024738
1,7024860
1,7026029
1,7034709
1,7035617
1,7036456
1,7041196
1,7048585
1,7052274
1,7057046
1,7067674
1,7072842
1,7083375
1,7084343
1,7084739
1,7091971
1,7096535
1,7097321
1,7107635
1,7108580
1,7113811
1,7118734
1,7124464
1,7124719
1,7128976
1,7136512
1,7138328
1,7140826
1,7152387
1,7156084
1,7160847
1,7170297
1,7177032
1,7184173
1,7199800
1,7206105
1,7206626
1,7229893
1,7242456
1,7245079
1,7247919
1,7256776
1,7264771
1,7267115
1,7268497
1,7279474
1,7286492
1,7288550
1,7299134
1,7303328
1,7304650
1,7308913
1,7310654
1,7335746
1,7345152
1,7346179
1,7367909
1,7385612
1,7385782
1,7388465
1,7389621
1,7392282
1,7400469
1,7411631
1,7413569
1,7414908
1,7425953
1,7426117
1,7433826
1,7449531
1,7451642
1,7455695
1,7456788
1,7480934
1,7490199
1,7501719
1,7503117
1,7505715
1,7507547
1,7511053
1,7523412
1,7527791
1,7536883
1,7542130
1,7543402
1,7543930
1,7547128
1,7551093
1,7565754
1,7589926
1,7594057
1,7594588
1,7600280
1,7611518
1,7615637
1,7626076
1,7629343
1,7635692
1,7640820
1,7642862
1,7646342
1,7653339
1,7655817
1,7665346
1,7675616
1,7701569
1,7707808
1,7708160
1,7717732
1,7736151
1,7739214
1,7743930
1,7745196
1,7758073
1,7758639
1,7759471
1,7768057
1,7768733
1,7768799
1,7781588
1,7783046
1,7783486
1,7805071
1,7810601
1,7829692
1,7833933
1,7835966
1,7841068
1,7849930
1,7866687
1,7869273
1,7870809
1,7883099
1,7886090
1,7887538
1,7890224
1,7896407
1,7911911
1,7913306
1,7923751
1,7926192
1,7931100
1,7940911
1,7946220
1,7964966
1,7966370
1,7967152
1,7976964
1,7978236
1,7978651
1,7983746
1,7985603
1,7995047
1,8003422
1,8006020
1,8013752
1,8018046
1,8019246
1,8020409
1,8030342
1,8036846
1,8045183
1,8051969
1,8063794
1,8070439
1,8071749
1,8075921
1,8082967
1,8093181
1,8095722
1,8111160
1,8113431
1,8133874
1,8137797
1,8140992
1,8144879
1,8149022
1,8150895
1,8154074
1,8172902
1,8177806
1,8178308
1,8179578
1,8186992
1,8190561
1,8199671
1,8205951
1,8230845
1,8233311
1,8235448
1,8242193
1,8243606
1,8243939
1,8247103
1,8255306
1,8256556
1,8268802
1,8285594
1,8305427
1,8309938
1,8321719
1,8324779
1,8328599
1,8334634
1,8340424
1,8344357
1,8355648
1,8363907
1,8373587
1,8375767
1,8382647
1,8396159
1,8396910
1,8408119
1,8409583
1,8414638
1,8420359
1,8437452
1,8438489
1,8458469
1,8461737
1,8464708
1,8468123
1,8468362
1,8473533
1,8475428
1,8496467
1,8499370
1,8510271
1,8524779
1,8525473
1,8532928
1,8540097
1,8565287
1,8565312
1,8566725
1,8578896
1,8595173
1,8614459
1,8630848
1,8635690
1,8650527
1,8651844
1,8652108
1,8653345
1,8656968
1,8659704
1,8666301
1,8666659
1,8673580
1,8682481
1,8702847
1,8703297
1,8707010
1,8708801
1,8711317
1,8723783
1,8726504
1,8727534
1,8727921
1,8735316
1,8747229
1,8756302
1,8764881
1,8767329
1,8769609
1,8774089
1,8779763
1,8785732
1,8786263
1,8786819
1,8790234
1,8792188
1,8792311
1,8796753
1,8820632
1,8828854
1,8830739
1,8838413
1,8846786
1,8863644
1,8874061
1,8879260
1,8893187
1,8894139
1,8898072
1,8900356
1,8906240
1,8907623
1,8916165
1,8931408
1,8941445
1,8946594
1,8958573
1,8959195
1,8961300
1,8963320
1,8963719
1,8984717
1,8985867
1,8988827
1,8995141
1,8998804
1,9005235
1,9028068
1,9030547
1,9033824
1,9034524
1,9048401
1,9063716
1,9065177
1,9079232
1,9080181
1,9081463
1,9089411
1,9092172
1,9093608
1,9099756
1,9105176
1,9108905
1,9112800
1,9114544
1,9125285
1,9125665
1,9150716
1,9156506
1,9157829
1,9164074
1,9173951
1,9178755
1,9187542
1,9195349
1,9195971
1,9201566
1,9202446
1,9209979
1,9334845
1,9463235
1,9508826
1,9730667
1,9748712
1,10227833
1,10525182
1,10806599
1,10912553
1,11282796
1,11351175
1,11454311
1,11892880
1,11974147
1,12179802
1,12410147
1,12410345
1,12411689
1,12418060
1,12419260
1,12426310
1,12428811
1,12434726
1,12440843
1,12453221
1,12458581
1,12464920
1,12465932
1,12468973
1,12469322
1,12471580
1,12485664
1,12487631
1,12495300
1,12500961
1,12505236
1,12515578
1,12537061
1,12542185
1,12545901
1,12545980
1,12550576
1,12558172
1,12562677
1,12563987
1,12566105
1,12572897
1,12579692
1,12587556
1,12587775
1,12590493
1,12591982
1,12601083
1,12601360
1,12610948
1,12618183
1,12621648
1,12630250
1,12638437
1,12668549
1,12696079
1,12697024
1,12701997
1,12702572
1,12707313
1,12734965
1,12762344
1,12769096
1,12782702
1,12805984
1,12833404
1,12834774
1,12838192
1,12838669
1,12839207
1,12843818
1,12852753
1,12853658
1,12856913
1,12860818
1,12876211
1,12978109
1,12995381
1,13023219
1,13040997
1,13042474
1,13045948
1,13050761
1,13060422
1,13066454
1,13068427
1,13083883
1,13107630
1,13108963
1,13109481
1,13109625
1,13112902
1,13114643
1,13130011
1,13130539
1,13133404
1,13150975
1,13162109
1,13175743
1,13187081
1,13215230
1,13216386
1,13217790
1,13234526
1,13237648
1,13246043
1,13247422
1,13258433
1,13264877
1,13282551
1,13285372
1,13290135
1,13300556
1,13301922
1,13303185
1,13305812
1,13311994
1,13312575
1,13313128
1,13331158
1,13332477
1,13337133
1,13340730
1,13342842
1,13358443
1,13362869
1,13364977
1,13428711
1,13452584
1,13454974
1,13465439
1,13467060
1,13469639
1,13488294
1,13497565
1,13501511
1,13502362
1,13516810
1,13520543
1,13520583
1,13522204
1,13523040
1,13523681
1,13523800
1,13526414
1,13542411
1,13549904
1,13550413
1,13559888
1,13572539
1,13576158
1,13588269
1,13592661
1,13595558
1,13601583
1,13604345
1,13615321
1,13619402
1,13619892
1,13620822
1,13635289
1,13636417
1,13638076
1,13643778
1,13655194
1,13659159
1,13659552
1,13673598
1,13676950
1,13680051
1,13681706
1,13685099
1,13689309
1,13692611
1,13699183
1,13716930
1,13728792
1,13734460
1,13738538
1,13741013
1,13749514
1,13752006
1,13754466
1,13768556
1,13768989
1,13770566
1,13781609
1,13789365
1,13790258
1,13797333
1,13809202
1,13810364
1,13812475
1,13816210
1,13825437
1,13826549
1,13827759
1,13828516
1,13832544
1,13832763
1,13837096
1,13852945
1,13857761
1,13861412
1,13869570
1,13876315
1,13883934
1,13884157
1,13885322
1,13887936
1,13907285
1,13917065
1,13923150
1,13928890
1,13932151
1,13934821
1,13935073
1,13937941
1,13939744
1,13947105
1,13954180
1,14002651
1,14004894
1,14005407
1,14007125
1,14007653
1,14014310
1,14019839
1,14022541
1,14023653
1,14028167
1,14035227
1,14040256
1,14041503
1,14043473
1,14052138
1,14060918
1,14070909
1,14092784
1,14095353
1,14095768
1,14107439
1,14129025
1,14133939
1,14146753
1,14147133
1,14148503
1,14149392
1,14150520
1,14150938
1,14157827
1,14168383
1,14170067
1,14171126
1,14182178
1,14184418
1,14185256
1,14196048
1,14208432
1,14211724
1,14215318
1,14226462
1,14234284
1,14240586
1,14262238
1,14264063
1,14274434
1,14277823
1,14281185
1,14285212
1,14292627
1,14293607
1,14294219
1,14296186
1,14311008
1,14314992
1,14321960
1,14332845
1,14337922
1,14338865
1,14360344
1,14365838
1,14371795
1,14373711
1,14375835
1,14384267
1,14413327
1,14413848
1,14414935
1,14422035
1,14426754
1,14429220
1,14429226
1,14437869
1,14439050
1,14440737
1,14444224
1,14444463
1,14445776
1,14446731
1,14447542
1,14449684
1,14449706
1,14453586
1,14467111
1,14467387
1,14468176
1,14468952
1,14469677
1,14474789
1,14475194
1,14475791
1,14477965
1,14492988
1,14509560
1,14513151
1,14513553
1,14518171
1,14524203
1,14525723
1,14528535
1,14538082
1,14539634
1,14540932
1,14545032
1,14545996
1,14558506
1,14559593
1,14561591
1,14563193
1,14568097
1,14572087
1,14579972
1,14582511
1,14589199
1,14589692
1,14589944
1,14590852
1,14593466
1,14603340
1,14603503
1,14606029
1,14611567
1,14612824
1,14621454
1,14626914
1,14637140
1,14657318
1,14672847
1,14674107
1,14686774
1,14690726
1,14721963
1,14728168
1,14740458
1,14741249
1,14750316
1,14757532
1,14760272
1,14771019
1,14789049
1,14805985
1,14806202
1,14808146
1,14819063
1,14825067
1,14829088
1,14836345
1,14852650
1,14852791
1,14866982
1,14874123
1,14874176
1,14890478
1,14897465
1,14903855
1,14906965
1,14916823
1,14922770
1,14925158
1,14927816
1,14939264
1,14944570
1,14944944
1,14953278
1,14976297
1,14976859
1,14985040
1,14985181
1,14989473
1,14996463
1,15003795
1,15008753
1,15009519
1,15018278
1,15027612
1,15029817
1,15029940
1,15038783
1,15046153
1,15049977
1,15052845
1,15057121
1,15059725
1,15063127
1,15068223
1,15103830
1,15107653
1,15115133
1,15118206
1,15120772
1,15123232
1,15124684
1,15139402
1,15157058
1,15160466
1,15160674
1,15160840
1,15161641
1,15162238
1,15193968
1,15197179
1,15208241
1,15211165
1,15226632
1,15238680
1,15243185
1,15250750
1,15262402
1,15268496
1,15269244
1,15273394
1,15280846
1,15287139
1,15294971
1,15295882
1,15300468
1,15302093
1,15303736
1,15304339
1,15304508
1,15304964
1,15305928
1,15314885
1,15318080
1,15321533
1,15329227
1,15338293
1,15339983
1,15352550
1,15353253
1,15356612
1,15362009
1,15374381
1,15383843
1,15389558
1,15393931
1,15394986
1,15397622
1,15397691
1,15398426
1,15401043
1,15404886
1,15408102
1,15436732
1,15441592
1,15447332
1,15456458
1,15457815
1,15466002
1,15468889
1,15469232
1,15477670
1,15478129
1,15480284
1,15491317
1,15499705
1,15509494
1,15515155
1,15524034
1,15529211
1,15533066
1,15551419
1,15558802
1,15570114
1,15583626
1,15584421
1,15584933
1,15589152
1,15602536
1,15611731
1,15612218
1,15618420
1,15618432
1,15619692
1,15620367
1,15625824
1,15630681
1,15632453
1,15645981
1,15648726
1,15658010
1,15672386
1,15688527
1,15704685
1,15717933
1,15725155
1,15726170
1,15727332
1,15727615
1,15730065
1,15731787
1,15733248
1,15740737
1,15742164
1,15745711
1,15752060
1,15755603
1,15756515
1,15766021
1,15772191
1,15773803
1,15777733
1,15781069
1,15792454
1,15803170
1,15812403
1,15813626
1,15852751
1,15870787
1,15877548
1,15886014
1,15898100
1,15898530
1,15899042
1,15899429
1,15904248
1,15911568
1,15918470
1,15918957
1,15928416
1,15941476
1,15944269
1,15958572
1,15984861
1,15987516
1,15989127
1,15992260
1,15992602
1,15999077
1,15999240
1,16001163
1,16003265
1,16005643
1,16014125
1,16015011
1,16025982
1,16028859
1,16028966
1,16029406
1,16035579
1,16038953
1,16042632
1,16049961
1,16054246
1,16071742
1,16084861
1,16085386
1,16087500
1,16093959
1,16098898
1,16100707
1,16101882
1,16111219
1,16111295
1,16114326
1,16119811
1,16136374
1,16145045
1,16148117
1,16148438
1,16157303
1,16168186
1,16173457
1,16175261
1,16175964
1,16183815
1,16186960
1,16187865
1,16199196
1,16200004
1,16253398
1,16276580
1,16291748
1,16293174
1,16293853
1,16299517
1,16314907
1,16315002
1,16320996
1,16323572
1,16342673
1,16351265
1,16357259
1,16369307
1,16376395
1,16382401
1,16385530
1,16389863
1,16403796
1,16414270
1,16415570
1,16425177
1,16429183
1,16434533
1,16452864
1,16458682
1,16460872
1,16468151
1,16469241
1,16487877
1,16492222
1,16496488
1,16502335
1,16547602
1,16560131
1,16579540
1,16580507
1,16603277
1,16646232
1,16675082
1,16684946
1,16702407
1,16718056
1,16752930
1,16786985
1,16800497
1,16828294
1,16830710
1,16837427
1,16850392
1,16852365
1,16852959
1,16861501
1,16908408
1,16915172
1,16915662
1,16916249
1,16933412
1,16981472
1,17043879
1,17057765
1,17074359
1,17127282
1,17128759
1,17159251
1,17159584
1,17163172
1,17189646
1,17213214
1,17224867
1,17231037
1,17236022
1,17248916
1,17267498
1,17278808
1,17311314
1,17314314
1,17315077
1,17315495
1,17345846
1,17348743
1,17352346
1,17352940
1,17354583
1,17355343
1,17365318
1,17382986
1,17401789
1,17404204
1,17404676
1,17422319
1,17427540
1,17440251
1,17443873
1,17447310
1,17447398
1,17458981
1,17492185
1,17494516
1,17500435
1,17500460
1,17510667
1,17514079
1,17518090
1,17526585
1,17530917
1,17534669
1,17538859
1,17547043
1,17550838
1,17560458
1,17572214
1,17574322
1,17575792
1,17577514
1,17578299
1,17588547
1,17589505
1,17594400
1,17595424
1,17595816
1,17603897
1,17604189
1,17620544
1,17621612
1,17630968
1,17637619
1,17639956
1,17645674
1,17653700
1,17658614
1,17662679
1,17671365
1,17672663
1,17674897
1,17675126
1,17681849
1,17689207
1,17693517
1,17699077
1,17706674
1,17721037
1,17724490
1,17732674
1,17733971
1,17735077
1,17737738
1,17742849
1,17746465
1,17749513
1,17764168
1,17774617
1,17788911
1,17791682
1,17795568
1,17847288
1,17864957
1,17867093
1,17874699
1,17883439
1,17898694
1,17901160
1,17918794
1,17921471
1,17945611
1,17966694
1,17971296
1,17980737
1,17988610
1,17988933
1,17994290
1,17997048
1,18004644
1,18015797
1,18024135
1,18028492
1,18029246
1,18029670
1,18044719
1,18058099
1,18069481
1,18095113
1,18100165
1,18103096
1,18106479
1,18113758
1,18113962
1,18118731
1,18121326
1,18125257
1,18132049
1,18136824
1,18141244
1,18142780
1,18146783
1,18147307
1,18153716
1,18160681
1,18161639
1,18168912
1,18169924
1,18176069
1,18181105
1,18183722
1,18187564
1,18193448
1,18194092
1,18208839
1,18224792
1,18226171
1,18227245
1,18234370
1,18240961
1,18245667
1,18247270
1,18249905
1,18253066
1,18261438
1,18278692
1,18283558
1,18283715
1,18284092
1,18285993
1,18286518
1,18292672
1,18298289
1,18301368
1,18309677
1,18311641
1,18325266
1,18330512
1,18337854
1,18340632
1,18347600
1,18352193
1,18358297
1,18373700
1,18376097
1,18378755
1,18379257
1,18384840
1,18386797
1,18394259
1,18394309
1,18405342
1,18408380
1,18424116
1,18433701
1,18440858
1,18443494
1,18445203
1,18445397
1,18445448
1,18463769
1,18466927
1,18472927
1,18473980
1,18474489
1,18498047
1,18502336
1,18533758
1,18556726
1,18559255
1,18569855
1,18572167
1,18574328
1,18589125
1,18598305
1,18602709
1,18604324
1,18609652
1,18612398
1,18613190
1,18623548
1,18639589
1,18642727
1,18645165
1,18663015
1,18663305
1,18677614
1,18687357
1,18687664
1,18690451
1,18698336
1,18716812
1,18719156
1,18722473
1,18722696
1,18722907
1,18725147
1,18728964
1,18738979
1,18739183
1,18744012
1,18748184
1,18754282
1,18764872
1,18768545
1,18773015
1,18779446
1,18796800
1,18802000
1,18804196
1,18806203
1,18808342
1,18817742
1,18824654
1,18839413
1,18842020
1,18842746
1,18842897
1,18844628
1,18848190
1,18850613
1,18851627
1,18852975
1,18853361
1,18868300
1,18885239
1,18887664
1,18892364
1,18895682
1,18907287
1,18907921
1,18912395
1,18912665
1,18912901
1,18914381
1,18925134
1,18926956
1,18929162
1,18929303
1,18931370
1,18951561
1,18952356
1,18957515
1,18959758
1,18962233
1,18966679
1,18975670
1,18983766
1,18990552
1,18991617
1,18995908
1,19001956
1,19007117
1,19010699
1,19022122
1,19024804
1,19027481
1,19033120
1,19033378
1,19034584
1,19039648
1,19041697
1,19042002
1,19043035
1,19045759
1,19062723
1,19068388
1,19070392
1,19076867
1,19079550
1,19089213
1,19091240
1,19091714
1,19095500
1,19097221
1,19097378
1,19098585
1,19108895
1,19109989
1,19110067
1,19110576
1,19116445
1,19120478
1,19122486
1,19132080
1,19132388
1,19142501
1,19142680
1,19142740
1,19144047
1,19150829
1,19156293
1,19165227
1,19175123
1,19183496
1,19189653
1,19192160
1,19204004
1,19207849
1,19208924
1,19209876
1,19217463
1,19218144
1,19222363
1,19231333
1,19234848
1,19235266
1,19241188
1,19242187
1,19252410
1,19266267
1,19274231
1,19291054
1,19297017
1,19300187
1,19301817
1,19305996
1,19316856
1,19320372
1,19322810
1,19334267
1,19336227
1,19336542
1,19338499
1,19341725
1,19349259
1,19352768
1,19355102
1,19356384
1,19369748
1,19372148
1,19376226
1,19376792
1,19380521
1,19380668
1,19381702
1,19385802
1,19387137
1,19391155
1,19391180
1,19393722
1,19403907
1,19405682
1,19409043
1,19412364
1,19412524
1,19418279
1,19428320
1,19436771
1,19438782
1,19443921
1,19445128
1,19449642
1,19454791
1,19471369
1,19474803
1,19477888
1,19477985
1,19478020
1,19482566
1,19483047
1,19484891
1,19496716
1,19499939
1,19503668
1,19511893
1,19520067
1,19525053
1,19525417
1,19526002
1,19533730
1,19538379
1,19539121
1,19554084
1,19555536
1,19558746
1,19562303
1,19566877
1,19570876
1,19572896
1,19579098
1,19588145
1,19591111
1,19603498
1,19605063
1,19606392
1,19610680
1,19611993
1,19612914
1,19615528
1,19623328
1,19623846
1,19632313
1,19632382
1,19637060
1,19643368
1,19645093
1,19646058
1,19653984
1,19657383
1,19660955
1,19670000
1,19685375
1,19688494
1,19697463
1,19699719
1,19706320
1,19709185
1,19712380
1,19717532
1,19728735
1,19733903
1,19735496
1,19735577
1,19747116
1,19748078
1,19756475
1,19760471
1,19761065
1,19763427
1,19763644
1,19767317
1,19768928
1,19771866
1,19773034
1,19774655
1,19796772
1,19807224
1,19814170
1,19831119
1,19831192
1,19852001
1,19860075
1,19869953
1,19877970
1,19884558
1,19931810
1,19934019
1,19958790
1,19970135
1,19975055
1,19990301
1,19990492
1,19999141
1,20002493
1,20005038
1,20007008
1,20011777
1,20014535
1,20020784
1,20022901
1,20028022
1,20032995
1,20033171
1,20033941
1,20037007
1,20038719
1,20039014
1,20045640
1,20046309
1,20059293
1,20085356
1,20091504
1,20096634
1,20098497
1,20098708
1,20112923
1,20113973
1,20116473
1,20126171
1,20129278
1,20139410
1,20139611
1,20142505
1,20142740
1,20150387
1,20157119
1,20160085
1,20163977
1,20164486
1,20165221
1,20169265
1,20178608
1,20196427
1,20199166
1,20206694
1,20227192
1,20237327
1,20240645
1,20245800
1,20247723
1,20249890
1,20251568
1,20252108
1,20253821
1,20283578
1,20293791
1,20294278
1,20299342
1,20304472
1,20306706
1,20315324
1,20317739
1,20319508
1,20326577
1,20330830
1,20345866
1,20349218
1,20350186
1,20359516
1,20369924
1,20371410
1,20387596
1,20394674
1,20409113
1,20415625
1,20448288
1,20453004
1,20470006
1,20470242
1,20479855
1,20494152
1,20495921
1,20504846
1,20508227
1,20517608
1,20521475
1,20528839
1,20533611
1,20538974
1,20539011
1,20539743
1,20541506
1,20543171
1,20543667
1,20558659
1,20563434
1,20564738
1,20565419
1,20570220
1,20574976
1,20576428
1,20578510
1,20579685
1,20580465
1,20582218
1,20588319
1,20605952
1,20607878
1,20611679
1,20614252
1,20623237
1,20626388
1,20636435
1,20638487
1,20650067
1,20654528
1,20666965
1,20672667
1,20685557
1,20690213
1,20696883
1,20728145
1,20743900
1,20750337
1,20753255
1,20753708
1,20755954
1,20756325
1,20759683
1,20766064
1,20770104
1,20770635
1,20792660
1,20793584
1,20801092
1,20801253
1,20801626
1,20803392
1,20804997
1,20814293
1,20819989
1,20820806
1,20839878
1,20840529
1,20842681
1,20845637
1,20852809
1,20865595
1,20876849
1,20883559
1,20888460
1,20921491
1,20923178
1,20928302
1,20934249
1,20940768
1,20943897
1,20955209
1,20955699
1,20957101
1,20959846
1,20966689
1,20969369
1,20971191
1,20973453
1,20976450
1,20992004
1,20993279
1,20996499
1,20998199
1,21005751
1,21011497
1,21012679
1,21015723
1,21025342
1,21039762
1,21048446
1,21053472
1,21078677
1,21092076
1,21093644
1,21103876
1,21109009
1,21109650
1,21120778
1,21127805
1,21131867
1,21137459
1,21140149
1,21142373
1,21152558
1,21154148
1,21167810
1,21172937
1,21182620
1,21183088
1,21197225
1,21200034
1,21202019
1,21207929
1,21211532
1,21211837
1,21218161
1,21221035
1,21222606
1,21226370
1,21228676
1,21247415
1,21247990
1,21250098
1,21279415
1,21283581
1,21293141
1,21299588
1,21300382
1,21306480
1,21311095
1,21312365
1,21333627
1,21336816
1,21343708
1,21358339
1,21360371
1,21364641
1,21373054
1,21376532
1,21378614
1,21380097
1,21383999
1,21386286
1,21388806
1,21392736
1,21396518
1,21400229
1,21414931
1,21416945
1,21420482
1,21423288
1,21426329
1,21438795
1,21439869
1,21443375
1,21443752
1,21454716
1,21455301
1,21459397
1,21459614
1,21461260
1,21464876
1,21469469
1,21473195
1,21476745
1,21485561
1,21492701
1,21494250
1,21498595
1,21502710
1,21505912
1,21506581
1,21518538
1,21520055
1,21521039
1,21523260
1,21535735
1,21541987
1,21552269
1,21552847
1,21554676
1,21555568
1,21570277
1,21570625
1,21571804
1,21585146
1,21590628
1,21592224
1,21609854
1,21619279
1,21637758
1,21637799
1,21648367
1,21649109
1,21657151
1,21671690
1,21683628
1,21704118
1,21705152
1,21705167
1,21713376
1,21713650
1,21721208
1,21722396
1,21737457
1,21738452
1,21741003
1,21744258
1,21746743
1,21750086
1,21758326
1,21759460
1,21763510
1,21768671
1,21770877
1,21774147
1,21774219
1,21781395
1,21781706
1,21786484
1,21806056
1,21816113
1,21818415
1,21824328
1,21836103
1,21837821
1,21852866
1,21855863
1,21863997
1,21865395
1,21869231
1,21871298
1,21877989
1,21879167
1,21880148
1,21886192
1,21887518
1,21893311
1,21894059
1,21894329
1,21904636
1,21930372
1,21933812
1,21937359
1,21937664
1,21945838
1,21961009
1,21979394
1,21984367
1,21987907
1,21992805
1,21996349
1,22004589
1,22016364
1,22017046
1,22033944
1,22038789
1,22039712
1,22041512
1,22051792
1,22061754
1,22071779
1,22071895
1,22087791
1,22088633
1,22099208
1,22102714
1,22104388
1,22106499
1,22123316
1,22130809
1,22130900
1,22142065
1,22142775
1,22145650
1,22155285
1,22159061
1,22167657
1,22178772
1,22183930
1,22190144
1,22195133
1,22200483
1,22203879
1,22204071
1,22215927
1,22219069
1,22225302
1,22236938
1,22240460
1,22264358
1,22264751
1,22265373
1,22280707
1,22291046
1,22310599
1,22315940
1,22318789
1,22328871
1,22330061
1,22332945
1,22336769
1,22337551
1,22339694
1,22341167
1,22355169
1,22357833
1,22361656
1,22362847
1,22376526
1,22395796
1,22401203
1,22409930
1,22411947
1,22413923
1,22421196
1,22423514
1,22427253
1,22459630
1,22462046
1,22466429
1,22468125
1,22470434
1,22485988
1,22490955
1,22493148
1,22502968
1,22505673
1,22507015
1,22513977
1,22519933
1,22522914
1,22532647
1,22549235
1,22549722
1,22565147
1,22579944
1,22587512
1,22591502
1,22591580
1,22595567
1,22595950
1,22615491
1,22624545
1,22647686
1,22649894
1,22653284
1,22653297
1,22655238
1,22657444
1,22667509
1,22679425
1,22686711
1,22690025
1,22690641
1,22692102
1,22696258
1,22700094
1,22701850
1,22703575
1,22707285
1,22708042
1,22709494
1,22718017
1,22720112
1,22732591
1,22732898
1,22732983
1,22736332
1,22739782
1,22742056
1,22742238
1,22744874
1,22751010
1,22807235
1,22812513
1,22813116
1,22818589
1,22827894
1,22833370
1,22840353
1,22861697
1,22865260
1,22868254
1,22869438
1,22869897
1,22876281
1,22877754
1,22883133
1,22885891
1,22890094
1,22899965
1,22901052
1,22928167
1,22932016
1,22940024
1,22941299
1,22946853
1,22949913
1,22950824
1,22967613
1,22970971
1,22980280
1,22983940
1,22987694
1,22988250
1,22991031
1,22996268
1,22998564
1,23000226
1,23001206
1,23006534
1,23008545
1,23015667
1,23017662
1,23018293
1,23021875
1,23030586
1,23031463
1,23031837
1,23038161
1,23043143
1,23046712
1,23055289
1,23055493
1,23056080
1,23065577
1,23067478
1,23068364
1,23088765
1,23095966
1,23105240
1,23106512
1,23114753
1,23116289
1,23125173
1,23131212
1,23138572
1,23143841
1,23147796
1,23149433
1,23154582
1,23157981
1,23159030
1,23161826
1,23172304
1,23185885
1,23216129
1,23218831
1,23219883
1,23224803
1,23231334
1,23232141
1,23234796
1,23236552
1,23239524
1,23248707
1,23252672
1,23264930
1,23270538
1,23272533
1,23276827
1,23278577
1,23305074
1,23306380
1,23323251
1,23324787
1,23341108
1,23342047
1,23343963
1,23346134
1,23356904
1,23366187
1,23369586
1,23370035
1,23372674
1,23374578
1,23385247
1,23411159
1,23416110
1,23421099
1,23423125
1,23423430
1,23431824
1,23436823
1,23440746
1,23456615
1,23468820
1,23480321
1,23480491
1,23495756
1,23503412
1,23503503
1,23516255
1,23518385
1,23553891
1,23556464
1,23556681
1,23564299
1,23566149
1,23567104
1,23567962
1,23573893
1,23576491
1,23579347
1,23590893
1,23596170
1,23611853
1,23616726
1,23626408
1,23630816
1,23700559
1,23703528
1,23717436
1,23741526
1,23745468
1,23753803
1,23759832
1,23765304
1,23770566
1,23773893
1,23778892
1,23786626
1,23788354
1,23789212
1,23806629
1,23814222
1,23823603
1,23824596
1,23850702
1,23854909
1,23860168
1,23863828
1,23874377
1,23876240
1,23895206
1,23908363
1,23910999
1,23917873
1,23918583
1,23922984
1,23943420
1,23945798
1,23950347
1,23951038
1,23951463
1,23959860
1,23961553
1,23968616
1,23982068
1,23990418
1,24009051
1,24027941
1,24031033
1,24032849
1,24040150
1,24040234
1,24049417
1,24053476
1,24055248
1,24060388
1,24070639
1,24075163
1,24079372
1,24083780
1,24085257
1,24090381
1,24107242
1,24108687
1,24113741
1,24114257
1,24115177
1,24122704
1,24139876
1,24148104
1,24152386
1,24154771
1,24162753
1,24167453
1,24174365
1,24182128
1,24215963
1,24217097
1,24217169
1,24228205
1,24231454
1,24232563
1,24237819
1,24276256
1,24284547
1,24315702
1,24316701
1,24324822
1,24335902
1,24342830
1,24353200
1,24356844
1,24367984
1,24372917
1,24387073
1,24389316
1,24393579
1,24395530
1,24397324
1,24410022
1,24429346
1,24434284
1,24446461
1,24448846
1,24450018
1,24482791
1,24484933
1,24486281
1,24497946
1,24511659
1,24533471
1,24549201
1,24558242
1,24573369
1,24580595
1,24601483
1,24605404
1,24616205
1,24619704
1,24625931
1,24645211
1,24666414
1,24666674
1,24688197
1,24688254
1,24689793
1,24695272
1,24696020
1,24707352
1,24710738
1,24717040
1,24722947
1,24736807
1,24738300
1,24745459
1,24746612
1,24754633
1,24774296
1,24784192
1,24792577
1,24799652
1,24802793
1,24803324
1,24809856
1,24815155
1,24820958
1,24825862
1,24827703
1,24829079
1,24852669
1,24856024
1,24857350
1,24875622
1,24878603
1,24898071
1,24920056
1,24927533
1,24959351
1,24967680
1,24971984
1,24982392
1,25000745
1,25004801
1,25005197
1,25012667
1,25018702
1,25028602
1,25029864
1,25037062
1,25044341
1,25047894
1,25048438
1,25052204
1,25056634
1,25061984
1,25080230
1,25084503
1,25089307
1,25090943
1,25094635
1,25095678
1,25100465
1,25101455
1,25109529
1,25112733
1,25116117
1,25116987
1,25127138
1,25135507
1,25147558
1,25149389
1,25156992
1,25160391
1,25161023
1,25166854
1,25169203
1,25181732
1,25185433
1,25199152
1,25203403
1,25204286
1,25206098
1,25206833
1,25208056
1,25214562
1,25217220
1,25217304
1,25220977
1,25228501
1,25231627
1,25232491
1,25232880
1,25245660
1,25246326
1,25249873
1,25250489
1,25257064
1,25257847
1,25259314
1,25259920
1,25267155
1,25267595
1,25280551
1,25313563
1,25321319
1,25323110
1,25339340
1,25359446
1,25369885
1,25371107
1,25375870
1,25378254
1,25388546
1,25404600
1,25406475
1,25415174
1,25419937
1,25428090
1,25432026
1,25437631
1,25441938
1,25442283
1,25480341
1,25488392
1,25521470
1,25530999
1,25535120
1,25539418
1,25543851
1,25548551
1,25554334
1,25568534
1,25574331
1,25594333
1,25595659
1,25597874
1,25600890
1,25609960
1,25618589
1,25632155
1,25632959
1,25653778
1,25671133
1,25672882
1,25679467
1,25681409
1,25689860
1,25691801
1,25692288
1,25694783
1,25699910
1,25714732
1,25718897
1,25721307
1,25733289
1,25735526
1,25743377
1,25744231
1,25746016
1,25759889
1,25760332
1,25762635
1,25766788
1,25767960
1,25770083
1,25771299
1,25773275
1,25776882
1,25777519
1,25791581
1,25816293
1,25826616
1,25846160
1,25858494
1,25878782
1,25899344
1,25911279
1,25916516
1,25927920
1,25933358
1,25942123
1,25956198
1,25956769
1,25958761
1,25961947
1,25972597
1,25988559
1,26000852
1,26006067
1,26016516
1,26031071
1,26031392
1,26040075
1,26050257
1,26050769
1,26088270
1,26096746
1,26106196
1,26106843
1,26108716
1,26109014
1,26115027
1,26116023
1,26117836
1,26127810
1,26140414
1,26158934
1,26164623
1,26182216
1,26183121
1,26183834
1,26186781
1,26196900
1,26215803
1,26248840
1,26254872
1,26265805
1,26271205
1,26280046
1,26349104
1,26363640
1,26375223
1,26376822
1,26401723
1,26406045
1,26408785
1,26420613
1,26436063
1,26445378
1,26475594
1,26482653
1,26484573
1,26491255
1,26493221
1,26499787
1,26553025
1,26561099
1,26582823
1,26587887
1,26627364
1,26635580
1,26635941
1,26643748
1,26650452
1,26658133
1,26672104
1,26672311
1,26679386
1,26691054
1,26697101
1,26701628
1,26708191
1,26711330
1,26711672
1,26711820
1,26717446
1,26718857
1,26732391
1,26735064
1,26759694
1,26764055
1,26764331
1,26772201
1,26777451
1,26782377
1,26782440
1,26832749
1,26851605
1,26858322
1,26861696
1,26892175
1,26908034
1,26953267
1,26974030
1,26979722
1,27005442
1,27005854
1,27016004
1,27026155
1,27045501
1,27058196
1,27062472
1,27063106
1,27073216
1,27094946
1,27099002
1,27131942
1,27139287
1,27143798
1,27153688
1,27155262
1,27166930
1,27179320
1,27188720
1,27188955
1,27207811
1,27208182
1,27214110
1,27216686
1,27242391
1,27242859
1,27257285
1,27267282
1,27281079
1,27282946
1,27283253
1,27284205
1,27289285
1,27291324
1,27292722
1,27293498
1,27305640
1,27308119
1,27312832
1,27314368
1,27314993
1,27315951
1,27325310
1,27329592
1,27329840
1,27345529
1,27365145
1,27366292
1,27378236
1,27378808
1,27379295
1,27388352
1,27390495
1,27392267
1,27396919
1,27405530
1,27424826
1,27429997
1,27448925
1,27461473
1,27480228
1,27495239
1,27499068
1,27505018
1,27511770
1,27520293
1,27529991
1,27536648
1,27541137
1,27551401
1,27577300
1,27580599
1,27597259
1,27599241
1,27601082
1,27613686
1,27614899
1,27624217
1,27628496
1,27643299
1,27648354
1,27661316
1,27691924
1,27692546
1,27694702
1,27697045
1,27701736
1,27702345
1,27707783
1,27710739
1,27711113
1,27719756
1,27731370
1,27740104
1,27742824
1,27743735
1,27757213
1,27763009
1,27767451
1,27774617
1,27777787
1,27793599
1,27796772
1,27799153
1,27802179
1,27807101
1,27810950
1,27811069
1,27822197
1,27826831
1,27832677
1,27836570
1,27839758
1,27841455
1,27844436
1,27847911
1,27851344
1,27861256
1,27864294
1,27915866
1,27925401
1,27926840
1,27949158
1,27986116
1,28007416
1,28016847
1,28025367
1,28034179
1,28039275
1,28042005
1,28051599
1,28054342
1,28055209
1,28056343
1,28061530
1,28062258
1,28069764
1,28089439
1,28094846
1,28109772
1,28123824
1,28127236
1,28133240
1,28133601
1,28135809
1,28139158
1,28159466
1,28162846
1,28164502
1,28170700
1,28171074
1,28176848
1,28176930
1,28250251
1,28250339
1,28253220
1,28264159
1,28265966
1,28277395
1,28279663
1,28280728
1,28284649
1,28287495
1,28308066
1,28312062
1,28314748
1,28321242
1,28336699
1,28349667
1,28354895
1,28361869
1,28367430
1,28395716
1,28411600
1,28414487
1,28419360
1,28424698
1,28433073
1,28433259
1,28444835
1,28446818
1,28449601
1,28451756
1,28458859
1,28460879
1,28463242
1,28463726
1,28465067
1,28468193
1,28470031
1,28478802
1,28482572
1,28486298
1,28491733
1,28513256
1,28514506
1,28517444
1,28530441
1,28540798
1,28552265
1,28570804
1,28574728
1,28577809
1,28589220
1,28596709
1,28601610
1,28602072
1,28610074
1,28612405
1,28617086
1,28617899
1,28618638
1,28645734
1,28647920
1,28651382
1,28667163
1,28668444
1,28683779
1,28685550
1,28688742
1,28694495
1,28704962
1,28709050
1,28726416
1,28727560
1,28750867
1,28755165
1,28759312
1,28763035
1,28767090
1,28786810
1,28791516
1,28797536
1,28809018
1,28810818
1,28818644
1,28830158
1,28833413
1,28834735
1,28845702
1,28847324
1,28847854
1,28855479
1,28857502
1,28862045
1,28862827
1,28868881
1,28871200
1,28871859
1,28875004
1,28895104
1,28896304
1,28900592
1,28901657
1,28904469
1,28907699
1,28912662
1,28917240
1,28930384
1,28934380
1,28935671
1,28936774
1,28954961
1,28956488
1,28956836
1,28968014
1,28974326
1,28978856
1,28983414
1,29017975
1,29018873
1,29026064
1,29026624
1,29032941
1,29052165
1,29056931
1,29062212
1,29063613
1,29063867
1,29085199
1,29086041
1,29089223
1,29089732
1,29091765
1,29109417
1,29115751
1,29124236
1,29125003
1,29141499
1,29143397
1,29151405
1,29158288
1,29158762
1,29164222
1,29164653
1,29165953
1,29169717
1,29175639
1,29177539
1,29178938
1,29223683
1,29232866
1,29237556
1,29247484
1,29254546
1,29256001
1,29258564
1,29259623
1,29267135
1,29276852
1,29312132
1,29329750
1,29342834
1,29343676
1,29352774
1,29354336
1,29356921
1,29357867
1,29361854
1,29363798
1,29364778
1,29380785
1,29385145
1,29386031
1,29392874
1,29396267
1,29402383
1,29415383
1,29458213
1,29458844
1,29478479
1,29479710
1,29484008
1,29485799
1,29492192
1,29499116
1,29503828
1,29507630
1,29510592
1,29516637
1,29522178
1,29522980
1,29527661
1,29534038
1,29538634
1,29539878
1,29548128
1,29573883
1,29577260
1,29581957
1,29607466
1,29615239
1,29636089
1,29646780
1,29666830
1,29673123
1,29674228
1,29676811
1,29689550
1,29695368
1,29718980
1,29723193
1,29745857
1,29751339
1,29754122
1,29755552
1,29762312
1,29801177
1,29837067
1,29843249
1,29844192
1,29845690
1,29846570
1,29851421
1,29852903
1,29861348
1,29865156
1,29875378
1,29877892
1,29917146
1,29926809
1,29928145
1,29941773
1,29942838
1,29947054
1,29957229
1,29967751
1,29978105
1,29995730
1,30027394
1,30032109
1,30035072
1,30044424
1,30047428
1,30047959
1,30054025
1,30063952
1,30068957
1,30074844
1,30075906
1,30115660
1,30118572
1,30129351
1,30130391
1,30131465
1,30140909
1,30144314
1,30144569
1,30151037
1,30151333
1,30164326
1,30165746
1,30172975
1,30184524
1,30196053
1,30198177
1,30202393
1,30207850
1,30209110
1,30217661
1,30231761
1,30233787
1,30241597
1,30246994
1,30251810
1,30262033
1,30272193
1,30276742
1,30286252
1,30287992
1,30289905
1,30299091
1,30299415
1,30301915
1,30307338
1,30311837
1,30328047
1,30335992
1,30340149
1,30355005
1,30372633
1,30377037
1,30378743
1,30379805
1,30384580
1,30385513
1,30390512
1,30405764
1,30422254
1,30422911
1,30425609
1,30425942
1,30442448
1,30442891
1,30454242
1,30469909
1,30473669
1,30480000
1,30482023
1,30495532
1,30495658
1,30498230
1,30506150
1,30509107
1,30510005
1,30516995
1,30517523
1,30518334
1,30524601
1,30531085
1,30538264
1,30540944
1,30544054
1,30546840
1,30551458
1,30554817
1,30569334
1,30574040
1,30584530
1,30587043
1,30606012
1,30607303
1,30624340
1,30627089
1,30636322
1,30645160
1,30646856
1,30652282
1,30679054
1,30694278
1,30702644
1,30714592
1,30716750
1,30732395
1,30734359
1,30736992
1,30737881
1,30742678
1,30760045
1,30761150
1,30770305
1,30771885
1,30783528
1,30787034
1,30804463
1,30805786
1,30806729
1,30807313
1,30811598
1,30831186
1,30831261
1,30832540
1,30832873
1,30844390
1,30856953
1,30866375
1,30867330
1,30869026
1,30874402
1,30879689
1,30880685
1,30886902
1,30901947
1,30909509
1,30915610
1,30920131
1,30942078
1,30957468
1,30965385
1,30971577
1,30982692
1,30992010
1,30992909
1,31007998
1,31010307
1,31012198
1,31034114
1,31039071
1,31042750
1,31045562
1,31053262
1,31068904
1,31071144
1,31087455
1,31088024
1,31091483
1,31094985
1,31102968
1,31105777
1,31118739
1,31127435
1,31136373
1,31136385
1,31136659
1,31153818
1,31155662
1,31157915
1,31165753
1,31168514
1,31179887
1,31181169
1,31181816
1,31190003
1,31194558
1,31200797
1,31213364
1,31216672
1,31223335
1,31229917
1,31236323
1,31250076
1,31253472
1,31266193
1,31268951
1,31269557
1,31278835
1,31284917
1,31285869
1,31289249
1,31293270
1,31294310
1,31294781
1,31297562
1,31298875
1,31302726
1,31311381
1,31316895
1,31320649
1,31323803
1,31327887
1,31337394
1,31348270
1,31351958
1,31355009
1,31356080
1,31357038
1,31358728
1,31384194
1,31384866
1,31410866
1,31432041
1,31436615
1,31442238
1,31446379
1,31447416
1,31447441
1,31448415
1,31452301
1,31462737
1,31475200
1,31490477
1,31491081
1,31492984
1,31523206
1,31534566
1,31539031
1,31551914
1,31563255
1,31580151
1,31580189
1,31583007
1,31588938
1,31596761
1,31619455
1,31620363
1,31630705
1,31632339
1,31634054
1,31644931
1,31645207
1,31647061
1,31651578
1,31653130
1,31653868
1,31655078
1,31678539
1,31699742
1,31700194
1,31702010
1,31709248
1,31715111
1,31735019
1,31746470
1,31748518
1,31750630
1,31753611
1,31754701
1,31755229
1,31757189
1,31764939
1,31771546
1,31786497
1,31787619
1,31790119
1,31826141
1,31826232
1,31827941
1,31835412
1,31835471
1,31839559
1,31845213
1,31848346
1,31849348
1,31876808
1,31880459
1,31889211
1,31925585
1,31927605
1,31933143
1,31938585
1,31945163
1,31948943
1,31961798
1,31973554
1,31977478
1,31979868
1,31990691
1,31991395
1,31995231
1,32011115
1,32011592
1,32018299
1,32024608
1,32029037
1,32034567
1,32040664
1,32042876
1,32060083
1,32067789
1,32078888
1,32096180
1,32096192
1,32112783
1,32117655
1,32122277
1,32128629
1,32184166
1,32193861
1,32197863
1,32201184
1,32216047
1,32216104
1,32219811
1,32223172
1,32223687
1,32225365
1,32227256
1,32227646
1,32230128
1,32257346
1,32260824
1,32270871
1,32276510
1,32281226
1,32284452
1,32293604
1,32297948
1,32312453
1,32318476
1,32322277
1,32357563
1,32377924
1,32385269
1,32386667
1,32405429
1,32406380
1,32417096
1,32418683
1,32435952
1,32437479
1,32444026
1,32448355
1,32453485
1,32464333
1,32466646
1,32468458
1,32481087
1,32509924
1,32536841
1,32582831
1,32583667
1,32601033
1,32626132
1,32634231
1,32650008
1,32651205
1,32662049
1,32666470
1,32671380
1,32683811
1,32687314
1,32694411
1,32712186
1,32719883
1,32723304
1,32728576
1,32732779
1,32737661
1,32754862
1,32762034
1,32780821
1,32781958
1,32782800
1,32790349
1,32794461
1,32797223
1,32801027
1,32801307
1,32803173
1,32807788
1,32812859
1,32821906
1,32830005
1,32832321
1,32833464
1,32844570
1,32844589
1,32845377
1,32846232
1,32858452
1,32861286
1,32863225
1,32869300
1,32875552
1,32881537
1,32887264
1,32890823
1,32891270
1,32901693
1,32914247
1,32917957
1,32930989
1,32939788
1,32941268
1,32954061
1,32957812
1,32962581
1,32969951
1,32989784
1,32993111
1,32993315
1,33001499
1,33002466
1,33003666
1,33005111
1,33007562
1,33010455
1,33011533
1,33034646
1,33046339
1,33048110
1,33059593
1,33063316
1,33090214
1,33109199
1,33112702
1,33127222
1,33130320
1,33131947
1,33140005
1,33147683
1,33153919
1,33154940
1,33159455
1,33160652
1,33167271
1,33167532
1,33168839
1,33172495
1,33174255
1,33183014
1,33191750
1,33192655
1,33194025
1,33203139
1,33217926
1,33222293
1,33223220
1,33230505
1,33240291
1,33244061
1,33244604
1,33264186
1,33288207
1,33297053
1,33312592
1,33313440
1,33332874
1,33348148
1,33357922
1,33363042
1,33363269
1,33375389
1,33377126
1,33398379
1,33401367
1,33422327
1,33426587
1,33432494
1,33453021
1,33462543
1,33496296
1,33501646
1,33504807
1,33506723
1,33509321
1,33513069
1,33523393
1,33527715
1,33527854
1,33528058
1,33531353
1,33532340
1,33539666
1,33542660
1,33548048
1,33550467
1,33552820
1,33553420
1,33579724
1,33581104
1,33621360
1,33655537
1,33665609
1,33675709
1,33686416
1,33690330
1,33693538
1,33699557
1,33708341
1,33708693
1,33710091
1,33726022
1,33726682
1,33731432
1,33747577
1,33765801
1,33766844
1,33770648
1,33777865
1,33788043
1,33793032
1,33795816
1,33803224
1,33805319
1,33809387
1,33818982
1,33830314
1,33848965
1,33855968
1,33865232
1,33865713
1,33871478
1,33876677
1,33878603
1,33888609
1,33905872
1,33918463
1,33938837
1,33942321
1,33954548
1,33968845
1,33978631
1,33981330
1,33983598
1,33994933
1,33996212
1,33996636
1,33999875
1,34000186
1,34007349
1,34007433
1,34021178
1,34023465
1,34033062
1,34041212
1,34053329
1,34056527
1,34057583
1,34058431
1,34059172
1,34063391
1,34067029
1,34069238
1,34073033
1,34076841
1,34084958
1,34095521
1,34099344
1,34099765
1,34100371
1,34100952
1,34103503
1,34104543
1,34105951
1,34106482
1,34109466
1,34117722
1,34136515
1,34140470
1,34141727
1,34143370
1,34153294
1,34165474
1,34169131
1,34202517
1,34263457
1,34267959
1,34279084
1,34289699
1,34295068
1,34297852
1,34301355
1,34302269
1,34318137
1,34318259
1,34322428
1,34322661
1,34340659
1,34341598
1,34363992
1,34365060
1,34374673
1,34393937
1,34397311
1,34403601
1,34424703
1,34428071
1,34456964
1,34459977
1,34460743
1,34463520
1,34464529
1,34475930
1,34484886
1,34487689
1,34500506
1,34501289
1,34508740
1,34514411
1,34515498
1,34519837
1,34520374
1,34526415
1,34528916
1,34553939
1,34572339
1,34575688
1,34578214
1,34586539
1,34590943
1,34595084
1,34596482
1,34605916
1,34615109
1,34623437
1,34624719
1,34629824
1,34645393
1,34658048
1,34670554
1,34681443
1,34681980
1,34690199
1,34692448
1,34695816
1,34699017
1,34710547
1,34710968
1,34711643
1,34746647
1,34748695
1,34752669
1,34755010
1,34765487
1,34774805
1,34782248
1,34794346
1,34812360
1,34813795
1,34815448
1,34837370
1,34838212
1,34841470
1,34846735
1,34852607
1,34857168
1,34873018
1,34883765
1,34888531
1,34902775
1,34911797
1,34918646
1,34922149
1,34930151
1,34960470
1,34962069
1,34969336
1,34972729
1,34973982
1,34978880
1,35008602
1,35019186
1,35021728
1,35025972
1,35028894
1,35030879
1,35035237
1,35042422
1,35047712
1,35050587
1,35054655
1,35064875
1,35068158
1,35071236
1,35072088
1,35076590
1,35088151
1,35094572
1,35101609
1,35112052
1,35123343
1,35123880
1,35124970
1,35130930
1,35134005
1,35135529
1,35136468
1,35136588
1,35143763
1,35151303
1,35156559
1,35167363
1,35168864
1,35169003
1,35191010
1,35191566
1,35197641
1,35203994
1,35206218
1,35209426
1,35209683
1,35214603
1,35219579
1,35229711
1,35234995
1,35243063
1,35243666
1,35246795
1,35251155
1,35253706
1,35259512
1,35265465
1,35267306
1,35268714
1,35273489
1,35279376
1,35292763
1,35295405
1,35304892
1,35317434
1,35326525
1,35338284
1,35343330
1,35344706
1,35347549
1,35349748
1,35354724
1,35363606
1,35370724
1,35389690
1,35412297
1,35429595
1,35431414
1,35431700
1,35439745
1,35443964
1,35446160
1,35448567
1,35467002
1,35469848
1,35474642
1,35489819
1,35497560
1,35513613
1,35526550
1,35526770
1,35549487
1,35563423
1,35583237
1,35583624
1,35591770
1,35603846
1,35610927
1,35642708
1,35659437
1,35660847
1,35669936
1,35670932
1,35715495
1,35716460
1,35722828
1,35727553
1,35734794
1,35737895
1,35741712
1,35746113
1,35753848
1,35757781
1,35761809
1,35764297
1,35782999
1,35783215
1,35787394
1,35795769
1,35797255
1,35806781
1,35810783
1,35811172
1,35811926
1,35811961
1,35844401
1,35851649
1,35853304
1,35860574
1,35863694
1,35868045
1,35879578
1,35880878
1,35893441
1,35894227
1,35916636
1,35922771
1,35923557
1,35924816
1,35926968
1,35930434
1,35933305
1,35933801
1,35966417
1,35978937
1,35989568
1,35994139
1,35996482
1,36044907
1,36047009
1,36048542
1,36048573
1,36048784
1,36068679
1,36084984
1,36087739
1,36094478
1,36111842
1,36117094
1,36119341
1,36124339
1,36124446
1,36125090
1,36126632
1,36132721
1,36140129
1,36154413
1,36158482
1,36178604
1,36179851
1,36183674
1,36205521
1,36220651
1,36265101
1,36265362
1,36265566
1,36275556
1,36279725
1,36302062
1,36303630
1,36312253
1,36317918
1,36343672
1,36348567
1,36355554
1,36436425
1,36449601
1,36454593
1,36456107
1,36475921
1,36479892
1,36497629
1,36503143
1,36517512
1,36526755
1,36527785
1,36545535
1,36545969
1,36586260
1,36590567
1,36595078
1,36596624
1,36601817
1,36609040
1,36614544
1,36625128
1,36633472
1,36637037
1,36637487
1,36644521
1,36649133
1,36655086
1,36667875
1,36678089
1,36688651
1,36694739
1,36713702
1,36718574
1,36721553
1,36728458
1,36729765
1,36731565
1,36733029
1,36737339
1,36739890
1,36743330
1,36746051
1,36784406
1,36792644
1,36808575
1,36817236
1,36824782
1,36825354
1,36840616
1,36841357
1,36842152
1,36849711
1,36856076
1,36859365
1,36862148
1,36866528
1,36867473
1,36873279
1,36889229
1,36897724
1,36936083
1,36950330
1,36976069
1,36982465
1,36982958
1,36991745
1,37000023
1,37014019
1,37032005
1,37043198
1,37088261
1,37099502
1,37117990
1,37145966
1,37147487
1,37158721
1,37165167
1,37167078
1,37191547
1,37193077
1,37199012
1,37210271
1,37220142
1,37230305
1,37243145
1,37244502
1,37246987
1,37278211
1,37278215
1,37298365
1,37319567
1,37326413
1,37341276
1,37341489
1,37349315
1,37403520
1,37411745
1,37426020
1,37426259
1,37432589
1,37447386
1,37448307
1,37452020
1,37463411
1,37468831
1,37485613
1,37485930
1,37490677
1,37501155
1,37505261
1,37509838
1,37512361
1,37513979
1,37540343
1,37549460
1,37551781
1,37563851
1,37568441
1,37624085
1,37644980
1,37650616
1,37652906
1,37663745
1,37670907
1,37675089
1,37678554
1,37690970
1,37698506
1,37702383
1,37707548
1,37709609
1,37710702
1,37715257
1,37760358
1,37774954
1,37775730
1,37781177
1,37818166
1,37819344
1,37823576
1,37856450
1,37901730
1,37905009
1,37907419
1,37919646
1,37920994
1,37924613
1,37926991
1,37945156
1,37950691
1,37975042
1,37977313
1,37978023
1,37979126
1,37980251
1,37982641
1,37997975
1,38002053
1,38013822
1,38027060
1,38072890
1,38075761
1,38088108
1,38098384
1,38112402
1,38115396
1,38119203
1,38119279
1,38125332
1,38141078
1,38142530
1,38153516
1,38163899
1,38188475
1,38201456
1,38217934
1,38231506
1,38241490
1,38252507
1,38268555
1,38269887
1,38277395
1,38277502
1,38277656
1,38298817
1,38315628
1,38317010
1,38327528
1,38339611
1,38360289
1,38388504
1,38398290
1,38407573
1,38415622
1,38431091
1,38443428
1,38465523
1,38468866
1,38491881
1,38501833
1,38503806
1,38504884
1,38508311
1,38524971
1,38533121
1,38536199
1,38537629
1,38542696
1,38549023
1,38560537
1,38561175
1,38574511
1,38592101
1,38600102
1,38603794
1,38604476
1,38612012
1,38614032
1,38619769
1,38660707
1,38666946
1,38680383
1,38709361
1,38738549
1,38757160
1,38758583
1,38765375
1,38767606
1,38767995
1,38773113
1,38775677
1,38779117
1,38779346
1,38783484
1,38787172
1,38799503
1,38824535
1,38830865
1,38834324
1,38838647
1,38841330
1,38861219
1,38890103
1,38905340
1,38936344
1,38962674
1,38972029
1,38982796
1,39000055
1,39001362
1,39003794
1,39004036
1,39015716
1,39031914
1,39050079
1,39070826
1,39076795
1,39086031
1,39092029
1,39101432
1,39114683
1,39117928
1,39123702
1,39140909
1,39153428
1,39156645
1,39156890
1,39182214
1,39183644
1,39185780
1,39186261
1,39196235
1,39198243
1,39204347
1,39211164
1,39217067
1,39221161
1,39224023
1,39227114
1,39250293
1,39268593
1,39273666
1,39302638
1,39308067
1,39316364
1,39318236
1,39320749
1,39329778
1,39335873
1,39336093
1,39344990
1,39349077
1,39351380
1,39352115
1,39353984
1,39354647
1,39355250
1,39362997
1,39369548
1,39372893
1,39383141
1,39385997
1,39389610
1,39401312
1,39409892
1,39411673
1,39429247
1,39437004
1,39449818
1,39460553
1,39464405
1,39471762
1,39474119
1,39479594
1,39483418
1,39485809
1,39492670
1,39494259
1,39495736
1,39499129
1,39520272
1,39526916
1,39527444
1,39536391
1,39542260
1,39549749
1,39555034
1,39585849
1,39608412
1,39611551
1,39618547
1,39653215
1,39683025
1,39702704
1,39704523
1,39714045
1,39716062
1,39716097
1,39738704
1,39761081
1,39777446
1,39777728
1,39782391
1,39785557
1,39786007
1,39828352
1,39855354
1,39857870
1,39860688
1,39861263
1,39868850
1,39873946
1,39875778
1,39887122
1,39890754
1,39897065
1,39898727
1,39901268
1,39903832
1,39908708
1,39916169
1,39916725
1,39932747
1,39936772
1,39940513
1,39955719
1,39955882
1,39974581
1,39977282
1,39979177
1,39983173
1,39987882
1,39993081
1,39996352
1,40007018
1,40011347
1,40018824
1,40024026
1,40041164
1,40046796
1,40047616
1,40050956
1,40059620
1,40065649
1,40072215
1,40078904
1,40127604
1,40131224
1,40140689
1,40181586
1,40188686
1,40196361
1,40198799
1,40199296
1,40202371
1,40206691
1,40208014
1,40211234
1,40213857
1,40216926
1,40220049
1,40222006
1,40224815
1,40224937
1,40232766
1,40235917
1,40235977
1,40251317
1,40257088
1,40275599
1,40289497
1,40294203
1,40297822
1,40315327
1,40333658
1,40334148
1,40339216
1,40351836
1,40357500
1,40363727
1,40370308
1,40375206
1,40393138
1,40394586
1,40402959
1,40407520
1,40420483
1,40428805
1,40447994
1,40451025
1,40451386
1,40462159
1,40467776
1,40468609
1,40475219
1,40483132
1,40483707
1,40487163
1,40507624
1,40514909
1,40529364
1,40535606
1,40545424
1,40549470
1,40551481
1,40552194
1,40566366
1,40572812
1,40580327
1,40586864
1,40597467
1,40604998
1,40609050
1,40611708
1,40656174
1,40661892
1,40670453
1,40671521
1,40678316
1,40684549
1,40701247
1,40707561
1,40721620
1,40750070
1,40778640
1,40781602
1,40783434
1,40793116
1,40798724
1,40807725
1,40811658
1,40817640
1,40817746
1,40835129
1,40845383
1,40867644
1,40870167
1,40876450
1,40882922
1,40886362
1,40891074
1,40911181
1,40934287
1,40940011
1,40947953
1,40947972
1,40961336
1,40994649
1,40995451
1,40996211
1,40997370
1,40998573
1,41001215
1,41017941
1,41022132
1,41034369
1,41043077
1,41046178
1,41051289
1,41058129
1,41063809
1,41077899
1,41080245
1,41081257
1,41083198
1,41109930
1,41111988
1,41112117
1,41117015
1,41127250
1,41130244
1,41130373
1,41140806
1,41149084
1,41161176
1,41163743
1,41180607
1,41191103
1,41193663
1,41211985
1,41216066
1,41234425
1,41266067
1,41284719
1,41285542
1,41285555
1,41287386
1,41289296
1,41325305
1,41329389
1,41329414
1,41351663
1,41355549
1,41375448
1,41376193
1,41381025
1,41403214
1,41412695
1,41417989
1,41430806
1,41436342
1,41436643
1,41437950
1,41438374
1,41453112
1,41468942
1,41508887
1,41514618
1,41514875
1,41525946
1,41530172
1,41549442
1,41550353
1,41564877
1,41565138
1,41565716
1,41568097
1,41574292
1,41589874
1,41630973
1,41646869
1,41674666
1,41676730
1,41684905
1,41802670
1,41831567
1,41832654
1,41833414
1,41835029
1,41867755
1,41879089
1,41881436
1,41882341
1,41884688
1,41891527
1,41909799
1,41915224
1,41973768
1,41980431
1,42004543
1,42061456
1,42063488
1,42076636
1,42083843
1,42096783
1,42106569
1,42109764
1,42112397
1,42134149
1,42139295
1,42149929
1,42164883
1,42165804
1,42171609
1,42179875
1,42182464
1,42183306
1,42183921
1,42196698
1,42203761
1,42204791
1,42212582
1,42214169
1,42219714
1,42220816
1,42247234
1,42258327
1,42287628
1,42305281
1,42317571
1,42338946
1,42356825
1,42400757
1,42412174
1,42419635
1,42421244
1,42425095
1,42439141
1,42444740
1,42452826
1,42454183
1,42456455
1,42465889
1,42467554
1,42482140
1,42498486
1,42518162
1,42529104
1,42542402
1,42542855
1,42554588
1,42600138
1,42613496
1,42617458
1,42617904
1,42642245
1,42691515
1,42701876
1,42702868
1,42709843
1,42712699
1,42713842
1,42715504
1,42722170
1,42725328
1,42735789
1,42777161
1,42790356
1,42801087
1,42801552
1,42818482
1,42819563
1,42843269
1,42872662
1,42875980
1,42879212
1,42890500
1,42893189
1,42906874
1,42907839
1,42909570
1,42921919
1,42950476
1,42951240
1,42957190
1,42970941
1,42973664
1,42973799
1,43004289
1,43011844
1,43017053
1,43018938
1,43054582
1,43064139
1,43078722
1,43079926
1,43083001
1,43092900
1,43128551
1,43137866
1,43142230
1,43149886
1,43170400
1,43178691
1,43184541
1,43204688
1,43274368
1,43286554
1,43297113
1,43303538
1,43316601
1,43321856
1,43329619
1,43333392
1,43342183
1,43351497
1,43371974
1,43378320
1,43379891
1,43386466
1,43388075
1,43412724
1,43415331
1,43421341
1,43427009
1,43493466
1,43496454
1,43545277
1,43556518
1,43570020
1,43571676
1,43610698
1,43621517
1,43624106
1,43642340
1,43655883
1,43656995
1,43668063
1,43670979
1,43678025
1,43693202
1,43696894
1,43706435
1,43726359
1,43729874
1,43746873
1,43764080
1,43773043
1,43778069
1,43788267
1,43789106
1,43789586
1,43798555
1,43801389
1,43805542
1,43809843
1,43819237
1,43819535
1,43823987
1,43837558
1,43838193
1,43838224
1,43843552
1,43846411
1,43846496
1,43854080
1,43855252
1,43857614
1,43860973
1,43863759
1,43876985
1,43878233
1,43889966
1,43914119
1,43919353
1,43937851
1,43958321
1,43958588
1,43965135
1,43971312
1,43971670
1,43976165
1,43976304
1,43976809
1,43981346
1,43987393
1,43988075
1,43989567
1,43992445
1,44000883
1,44007145
1,44013937
1,44031407
1,44042830
1,44044734
1,44051655
1,44051670
1,44065544
1,44067268
1,44067642
1,44069687
1,44069873
1,44081641
1,44082772
1,44090180
1,44102715
1,44113506
1,44121916
1,44122655
1,44127873
1,44129987
1,44142085
1,44144030
1,44145246
1,44147684
1,44164564
1,44172603
1,44183168
1,44190061
1,44190943
1,44198078
1,44209680
1,44210443
1,44229214
1,44266160
1,44277340
1,44281176
1,44283853
1,44289791
1,44301119
1,44301440
1,44301967
1,44310886
1,44324175
1,44324769
1,44327169
1,44329723
1,44341781
1,44352688
1,44355450
1,44359660
1,44376750
1,44388323
1,44420013
1,44454203
1,44489502
1,44495954
1,44506582
1,44522272
1,44535422
1,44540854
1,44541504
1,44542076
1,44546471
1,44548058
1,44548733
1,44550414
1,44551476
1,44561937
1,44568180
1,44580667
1,44582596
1,44589753
1,44594368
1,44598339
1,44603438
1,44608270
1,44610167
1,44617877
1,44627612
1,44628329
1,44648507
1,44648912
1,44664837
1,44665264
1,44675361
1,44678176
1,44683096
1,44684573
1,44699706
1,44702445
1,44706567
1,44709014
1,44723120
1,44734712
1,44744655
1,44749669
1,44753031
1,44754445
1,44771309
1,44775908
1,44775930
1,44800362
1,44805851
1,44811741
1,44833336
1,44855717
1,44883580
1,44885748
1,44953518
1,44964140
1,45002797
1,45012922
1,45020943
1,45037408
1,45054476
1,45072232
1,45072443
1,45075738
1,45153961
1,45197444
1,45223268
1,45241762
1,45254536
1,45287095
1,45315087
1,45346365
1,45385861
1,45399831
1,45407057
1,45408823
1,45419127
1,45422529
1,45437417
1,45439013
1,45440226
1,45447046
1,45451787
1,45460119
1,45464925
1,45470005
1,45472076
1,45475657
1,45476747
1,45504654
1,45520148
1,45520805
1,45523262
1,45549566
1,45552497
1,45557784
1,45563713
1,45565500
1,45579361
1,45589612
1,45590045
1,45597161
1,45605571
1,45605791
1,45608216
1,45626397
1,45639381
1,45645416
1,45653958
1,45657521
1,45661724
1,45662714
1,45662761
1,45674281
1,45676075
1,45683084
1,45689216
1,45704846
1,45705684
1,45747122
1,45750279
1,45751228
1,45752582
1,45755884
1,45782770
1,45784736
1,45789439
1,45790526
1,45793665
1,45830943
1,45832784
1,45845520
1,45856764
1,45865258
1,45884227
1,45889835
1,45890366
1,45893668
1,45897856
1,45899681
1,45924198
1,45925872
1,45933824
1,45944216
1,45950188
1,45958447
1,45964919
1,45964988
1,45971447
1,45983998
1,45984221
1,46014908
1,46043905
1,46083926
1,46104365
1,46107233
1,46130773
1,46133896
1,46146651
1,46147942
1,46162626
1,46209646
1,46224000
1,46239642
1,46247047
1,46259136
1,46299568
1,46303671
1,46312411
1,46313975
1,46319897
1,46328810
1,46340220
1,46361027
1,46378268
1,46388422
1,46399134
1,46406058
1,46416642
1,46418172
1,46425021
1,46435593
1,46453509
1,46466251
1,46467071
1,46477457
1,46485666
1,46488940
1,46502801
1,46505854
1,46506256
1,46524682
1,46548611
1,46555294
1,46556390
1,46558052
1,46562541
1,46563678
1,46564982
1,46565881
1,46568293
1,46578896
1,46589634
1,46593608
1,46595892
1,46694831
1,46700818
1,46718191
1,46730591
1,46736915
1,46753330
1,46753632
1,46763788
1,46763795
1,46768441
1,46775057
1,46776691
1,46780898
1,46791243
1,46796426
1,46796470
1,46807306
1,46809232
1,46810350
1,46835678
1,46858693
1,46863204
1,46867348
1,46876823
1,46879383
1,46880530
1,46892471
1,46896511
1,46897281
1,46898745
1,46913655
1,46917362
1,46917500
1,46921518
1,46923573
1,46927041
1,46930415
1,46944851
1,46966990
1,46972224
1,46993012
1,47001170
1,47023928
1,47045803
1,47046761
1,47060377
1,47061131
1,47063185
1,47068787
1,47071291
1,47078934
1,47085786
1,47086053
1,47087907
1,47094837
1,47116102
1,47121308
1,47127085
1,47129401
1,47134195
1,47138141
1,47161379
1,47183329
1,47190385
1,47191196
1,47281140
1,47295861
1,47317017
1,47317158
1,47328584
1,47329467
1,47335948
1,47342096
1,47343340
1,47345181
1,47349004
1,47364244
1,47374567
1,47375654
1,47376729
1,47383530
1,47391227
1,47404183
1,47404281
1,47422596
1,47439510
1,47443736
1,47464741
1,47475435
1,47500605
1,47501023
1,47503665
1,47525336
1,47532326
1,47533651
1,47534468
1,47539564
1,47556522
1,47561291
1,47568275
1,47575931
1,47604699
1,47606731
1,47622624
1,47624447
1,47624899
1,47630532
1,47632665
1,47640349
1,47646350
1,47654103
1,47654907
1,47673710
1,47678561
1,47685591
1,47688164
1,47700652
1,47711937
1,47811579
1,47811604
1,47820218
1,47820708
1,47823237
1,47831939
1,47832599
1,47833912
1,47835756
1,47839558
1,47846435
1,47867656
1,47877257
1,47881922
1,47887008
1,47895434
1,48107404
1,48595500
1,48620724
1,48675360
1,48693854
1,48740724
1,48810178
1,48918974
1,49102591
1,49203524
1,49378765
1,49419314
1,49542841
1,49590615
1,49689158
1,49797706
1,49829772
1,49830021
1,49831249
1,49847334
1,49864226
1,49870868
1,49884983
1,49890851
1,49893465
1,49920077
1,49953837
1,49956322
1,49964660
1,49968643
1,49970858
1,49971688
1,49975718
1,49983528
1,49988335
1,50055182
1,50072413
1,50082268
1,50098495
1,50100995
1,50101897
1,50109559
1,50114385
1,50115026
1,50151974
1,50154534
1,50167981
1,50169149
1,50171358
1,50179469
1,50189306
1,50189937
1,50193185
1,50195136
1,50198096
1,50205922
1,50214768
1,50215123
1,50217175
1,50218444
1,50218541
1,50218620
1,50221221
1,50224196
1,50228246
1,50232942
1,50244890
1,50249235
1,50348757
1,50352119
1,50374933
1,50391008
1,50397801
1,50401439
1,50409035
1,50418054
1,50420175
1,50423716
1,50446784
1,50448993
1,50461974
1,50467802
1,50499686
1,50510540
1,50516770
1,50530574
1,50540215
1,50545999
1,50546216
1,50552625
1,50564013
1,50565125
1,50585376
1,50609500
1,50613967
1,50619921
1,50625915
1,50635512
1,50649681
1,50667120
1,50669812
1,50674537
1,50674638
1,50686042
1,50713154
1,50720075
1,50723112
1,50781427
1,50783305
1,50791109
1,50801260
1,50803386
1,50807185
1,50820109
1,50820775
1,50825755
1,50830099
1,50830577
1,50832943
1,50836471
1,50839490
1,50840388
1,50852414
1,50863309
1,50866950
1,50871923
1,50886438
1,50893487
1,50903540
1,50924291
1,50924847
1,50934432
1,50963960
1,50966909
1,50970177
1,50976589
1,50986632
1,50991056
1,50999620
1,51005601
1,51031705
1,51043392
1,51044491
1,51047601
1,51061952
1,51062260
1,51075759
1,51090302
1,51124168
1,51129148
1,51132016
1,51141595
1,51174233
1,51206343
1,51213276
1,51218645
1,51218969
1,51233194
1,51265185
1,51283309
1,51288338
1,51306905
1,51307964
1,51312243
1,51336999
1,51344425
1,51344438
1,51350360
1,51356615
1,51368515
1,51375895
1,51377462
1,51386441
1,51398988
1,51404153
1,51431174
1,51438846
1,51454406
1,51466875
1,51477893
1,51479325
1,51499736
1,51536050
1,51547620
1,51551233
1,51563718
1,51590305
1,51601389
1,51605375
1,51631111
1,51662050
1,51676061
1,51703704
1,51716462
1,51726748
1,51752499
1,51754130
1,51784735
1,51805215
1,51812526
1,51873853
1,51875954
1,51881433
1,51886161
1,51894967
1,51933263
1,51943731
1,51946838
1,51949835
1,51951177
1,51972769
1,51989077
1,52011106
1,52069002
1,52074855
1,52085279
1,52102413
1,52103585
1,52119846
1,52127744
1,52144900
1,52147187
1,52148362
1,52161371
1,52167362
1,52177648
1,52197270
1,52210028
1,52220097
1,52220100
1,52226870
1,52259813
1,52263539
1,52264309
1,52267048
1,52270727
1,52276580
1,52283441
1,52295630
1,52317914
1,52348494
1,52353945
1,52382797
1,52388468
1,52388559
1,52650621
1,52750910
1,52796636
1,52838947
1,52855472
1,53060828
1,53158092
1,53195957
1,53404358
1,53461768
1,53463326
1,53471657
1,53529887
1,53535642
1,53561026
1,53587111
1,53588889
1,53594497
1,53601173
1,53616463
1,53628087
1,53640131
1,53752905
1,53770363
1,53781038
1,53793583
1,53802366
1,53815633
1,53836783
1,53847609
1,53847788
1,54296526
1,54539670
1,54782254
1,54956280
1,55072302
1,55077284
1,55101607
1,55485456
1,55672685
1,55685695
1,55699427
1,55722508
1,55722718
1,55723296
1,55724006
1,55740289
1,55805298
1,55829671
1,55833708
1,55846909
1,55849808
1,55866867
1,55870266
1,55875984
1,55924930
1,55939083
1,55945768
1,55961768
1,56086028
1,56086053
1,56116636
1,56245671
1,56248250
1,56264122
1,56267932
1,56281699
1,56312248
1,56330466
1,56361703
1,56366057
1,56387746
1,56390401
1,56390486
1,56401629
1,56403263
1,56406200
1,56407315
1,56409295
1,56443459
1,56459117
1,56475975
1,56492195
1,56503140
1,56506338
1,56535665
1,56536806
1,56617758
1,56660946
1,56661530
1,56667581
1,56670273
1,56698309
1,56701767
1,56707067
1,56713219
1,56731273
1,56740563
1,56758571
1,56773088
1,56808572
1,56819030
1,56837676
1,56838197
1,56858948
1,56894853
1,57086958
1,57110705
1,57111406
1,57164408
1,57192390
1,57202807
1,57213253
1,57244481
1,57252696
1,57266704
1,57269337
1,57884580
1,57908717
1,57914017
1,57940306
1,57982277
1,57982353
1,58011167
1,58012870
1,58014287
1,58035870
1,58229998
1,58257104
1,58435091
1,59770032
1,59986830
1,60242107
1,60601115
2,4576124
2,4579001
2,4581794
2,4589554
2,4657425
2,4673774
2,4700691
2,4721391
2,4725525
2,4747868
2,4789670
2,4794191
2,4798734
2,4854626
2,4950476
2,4970613
2,4993651
2,5129575
2,5169680
2,5179287
2,5232723
2,5237900
2,5247221
2,5252829
2,5301376
2,5321969
2,5359228
2,5372313
2,5390626
2,5425777
2,5432186
2,5495281
2,5529610
2,5566919
2,5583397
2,5589137
2,5603503
2,5717753
2,5738981
2,5758044
2,5767667
2,5774192
2,5836245
2,5852132
2,5881858
2,5908674
2,5929409
2,5961996
2,6001247
2,6028290
2,6033889
2,6041309
2,6044218
2,6048899
2,6061729
2,6084151
2,6092991
2,6095300
2,6100239
2,6123342
2,6178301
2,6203868
2,6220267
2,6229717
2,6236286
2,6236983
2,6239804
2,6242176
2,6260881
2,6263074
2,6272973
2,6281452
2,6293544
2,6347837
2,6372700
2,6394239
2,6398373
2,6409227
2,6426566
2,6435504
2,6450153
2,6463517
2,6468434
2,6473608
2,6490946
2,6491867
2,6496444
2,6516283
2,6543681
2,6554407
2,6606940
2,6614172
2,6653068
2,6661334
2,6677482
2,6684619
2,6697647
2,6715580
2,6722413
2,6737587
2,6737857
2,6768858
2,6783777
2,6797453
2,6824835
2,6827402
2,6852638
2,6866580
2,6879558
2,6889055
2,6903610
2,6916525
2,7017587
2,7017650
2,7040643
2,7054645
2,7066599
2,7077918
2,7106290
2,7135988
2,7140053
2,7168208
2,7170715
2,7183620
2,7187865
2,7188305
2,7192414
2,7196036
2,7278449
2,7319058
2,7334477
2,7350998
2,7355799
2,7361953
2,7366961
2,7370030
2,7382876
2,7467548
2,7469826
2,7472223
2,7477941
2,7493545
2,7499319
2,7533327
2,7561953
2,7653813
2,7669732
2,7679662
2,7685628
2,7694783
2,7697082
2,7774064
2,7774739
2,7797054
2,7814487
2,7816689
2,7818247
2,7822441
2,7830745
2,7856314
2,7862676
2,7894101
2,7905348
2,7926635
2,7960715
2,7965132
2,7974900
2,7981946
2,7994915
2,8036283
2,8050263
2,8053044
2,8073062
2,8087579
2,8177253
2,8207541
2,8246949
2,8260254
2,8262547
2,8266285
2,8275286
2,8301057
2,8341514
2,8375852
2,8404110
2,8427770
2,8428087
2,8431888
2,8474708
2,8543597
2,8559380
2,8580153
2,8602741
2,8622743
2,8637000
2,8659314
2,8686257
2,8720409
2,8720711
2,8742834
2,8769974
2,8812222
2,8844015
2,8853641
2,8871755
2,8878133
2,8880778
2,8887130
2,8910937
2,8976612
2,9006300
2,9056383
2,9058881
2,9063018
2,9078305
2,9107098
2,9140760
2,9145561
2,9169229
2,9192581
2,10210143
2,10607281
2,12243771
2,12404649
2,12485325
2,12500417
2,12531764
2,12536291
2,12575605
2,12586450
2,12628858
2,12631783
2,12636875
2,12680298
2,12701237
2,12708937
2,12753199
2,12758270
2,12795262
2,12839829
2,12855178
2,13015733
2,13020860
2,13026904
2,13041198
2,13109723
2,13120857
2,13123923
2,13126555
2,13140347
2,13153856
2,13197926
2,13229571
2,13273563
2,13357604
2,13396629
2,13417184
2,13466451
2,13474204
2,13485328
2,13502456
2,13574408
2,13575379
2,13618953
2,13683830
2,13698470
2,13699689
2,13702494
2,13713867
2,13720408
2,13747510
2,13758050
2,13772068
2,13806739
2,13811859
2,13812076
2,13816990
2,13837749
2,13879130
2,13932691
2,13957475
2,14000716
2,14011988
2,14022817
2,14029870
2,14052606
2,14068750
2,14075627
2,14089953
2,14090943
2,14121573
2,14141284
2,14156696
2,14156756
2,14169866
2,14181499
2,14201800
2,14210364
2,14243508
2,14244108
2,14270095
2,14291637
2,14298772
2,14349292
2,14352263
2,14373724
2,14404822
2,14423025
2,14467239
2,14470086
2,14493271
2,14496098
2,14523970
2,14574600
2,14642544
2,14663061
2,14666869
2,14707298
2,14731048
2,14761927
2,14771635
2,14823298
2,14825428
2,14842556
2,14880007
2,14892605
2,14896852
2,14939254
2,14941991
2,15018897
2,15022670
2,15042446
2,15059398
2,15069222
2,15134376
2,15155751
2,15158355
2,15162669
2,15167303
2,15201072
2,15206095
2,15209362
2,15238670
2,15336223
2,15338142
2,15348400
2,15369967
2,15404493
2,15429798
2,15472926
2,15478006
2,15490406
2,15516846
2,15591264
2,15642135
2,15697880
2,15707653
2,15722906
2,15724637
2,15756741
2,15759951
2,15771572
2,15821649
2,15839581
2,15858830
2,15859169
2,15862069
2,15876640
2,15879791
2,15885282
2,15919255
2,15935017
2,15945013
2,15998106
2,16009023
2,16010270
2,16014590
2,16046810
2,16048240
2,16057303
2,16186335
2,16196680
2,16203221
2,16228784
2,16298257
2,16319422
2,16403130
2,16530242
2,16531112
2,16551504
2,16557800
2,16558029
2,16658673
2,16663759
2,16667008
2,16684905
2,16687500
2,16770284
2,16834982
2,16848608
2,16857803
2,16939616
2,16959650
2,17054096
2,17074164
2,17157819
2,17260134
2,17297403
2,17343113
2,17441046
2,17447031
2,17520676
2,17541414
2,17547131
2,17558890
2,17565296
2,17606913
2,17608204
2,17625580
2,17630041
2,17643327
2,17655962
2,17661715
2,17706847
2,17921659
2,17950056
2,17950100
2,17969311
2,17994186
2,18025935
2,18036711
2,18048913
2,18059242
2,18123073
2,18138234
2,18144706
2,18169829
2,18191243
2,18196527
2,18204497
2,18216721
2,18220883
2,18250471
2,18286797
2,18291280
2,18307406
2,18307576
2,18311031
2,18338828
2,18365635
2,18403580
2,18405003
2,18406731
2,18422461
2,18427013
2,18457653
2,18478727
2,18501952
2,18556374
2,18567747
2,18572556
2,18585296
2,18593957
2,18648954
2,18663616
2,18664586
2,18666977
2,18675038
2,18768595
2,18769292
2,18796241
2,18802213
2,18820227
2,18829740
2,18830560
2,18838709
2,18847166
2,18856368
2,18856450
2,18865617
2,18873838
2,18875180
2,18885343
2,18892418
2,18908751
2,18937148
2,18938188
2,18942661
2,18948586
2,19012719
2,19029617
2,19094598
2,19112354
2,19178004
2,19234682
2,19239089
2,19239545
2,19270857
2,19311280
2,19311418
2,19331037
2,19331782
2,19360879
2,19362453
2,19371727
2,19386631
2,19456186
2,19471027
2,19474539
2,19497030
2,19506373
2,19517504
2,19530639
2,19534305
2,19547540
2,19553123
2,19554493
2,19555693
2,19561407
2,19622587
2,19640026
2,19644738
2,19645571
2,19646042
2,19650365
2,19688419
2,19698054
2,19717947
2,19747682
2,19769343
2,19774275
2,19791089
2,19839206
2,19856654
2,19877439
2,19886945
2,19894303
2,19910554
2,19952124
2,19990078
2,19996279
2,20006926
2,20024308
2,20054245
2,20054842
2,20083147
2,20087756
2,20089386
2,20091064
2,20094410
2,20100382
2,20173776
2,20186631
2,20200263
2,20202101
2,20236388
2,20254898
2,20266902
2,20268837
2,20277329
2,20290178
2,20291724
2,20296716
2,20320815
2,20326388
2,20349837
2,20376610
2,20378881
2,20402886
2,20439511
2,20466846
2,20488714
2,20521811
2,20527774
2,20534629
2,20538301
2,20548072
2,20580201
2,20601039
2,20607551
2,20614274
2,20616100
2,20617249
2,20639696
2,20683088
2,20703053
2,20737865
2,20747657
2,20759080
2,20761339
2,20762762
2,20772636
2,20800608
2,20803423
2,20805758
2,20818242
2,20837390
2,20858078
2,20866673
2,20880879
2,20891203
2,20897527
2,20946793
2,20952624
2,20964408
2,21007196
2,21017586
2,21027073
2,21027878
2,21047802
2,21056359
2,21075422
2,21100461
2,21136699
2,21143893
2,21150547
2,21200097
2,21202478
2,21222286
2,21227516
2,21239988
2,21286867
2,21288815
2,21295240
2,21298950
2,21302519
2,21352146
2,21365753
2,21367138
2,21398033
2,21400018
2,21409298
2,21414793
2,21415811
2,21417328
2,21429593
2,21433523
2,21439514
2,21445094
2,21458800
2,21472297
2,21482369
2,21514240
2,21521808
2,21569972
2,21585818
2,21590257
2,21599374
2,21614737
2,21619945
2,21630646
2,21650739
2,21658709
2,21660079
2,21671147
2,21681030
2,21710894
2,21756652
2,21789375
2,21797235
2,21823379
2,21838572
2,21851867
2,21860158
2,21890411
2,21922672
2,21937827
2,21946687
2,21953689
2,21959193
2,21969812
2,22001913
2,22002940
2,22018874
2,22062850
2,22067490
2,22073843
2,22078985
2,22098834
2,22145816
2,22146438
2,22180902
2,22184945
2,22202023
2,22208617
2,22210351
2,22226116
2,22253070
2,22313072
2,22319484
2,22325905
2,22337432
2,22369608
2,22374480
2,22411787
2,22414476
2,22419163
2,22480625
2,22505727
2,22532163
2,22541711
2,22544538
2,22565725
2,22588187
2,22607386
2,22611049
2,22624306
2,22640127
2,22661446
2,22662602
2,22668251
2,22688238
2,22706531
2,22709104
2,22749379
2,22795796
2,22807998
2,22852634
2,22858235
2,22897524
2,22960177
2,22962398
2,22963557
2,22965797
2,22981072
2,22990415
2,23052222
2,23056008
2,23056665
2,23070544
2,23076067
2,23100210
2,23105281
2,23122993
2,23142433
2,23183827
2,23208444
2,23215265
2,23218058
2,23269237
2,23353972
2,23380054
2,23402230
2,23422610
2,23432305
2,23438063
2,23485156
2,23503990
2,23505969
2,23527910
2,23531919
2,23548516
2,23549031
2,23578618
2,23585322
2,23616804
2,23618630
2,23636241
2,23698385
2,23701329
2,23767745
2,23791518
2,23799058
2,23817452
2,23830379
2,23835164
2,23835305
2,23840329
2,23852421
2,23862621
2,23866124
2,23895049
2,23910590
2,23922302
2,23925032
2,23934938
2,23949556
2,23989953
2,23997459
2,24041981
2,24055459
2,24060859
2,24085106
2,24093975
2,24121127
2,24123386
2,24128340
2,24135032
2,24144268
2,24172609
2,24181776
2,24191015
2,24243898
2,24246989
2,24276580
2,24284613
2,24295046
2,24314103
2,24397003
2,24423349
2,24433062
2,24439807
2,24442145
2,24445088
2,24458710
2,24466875
2,24614279
2,24618435
2,24636144
2,24658440
2,24688050
2,24696497
2,24714656
2,24747401
2,24808344
2,24825890
2,24857664
2,24941872
2,24942811
2,25034866
2,25043499
2,25052503
2,25056870
2,25108929
2,25120634
2,25157287
2,25195015
2,25203965
2,25215470
2,25215881
2,25231891
2,25241875
2,25249170
2,25304700
2,25310412
2,25328985
2,25359081
2,25369263
2,25379090
2,25387971
2,25413038
2,25442478
2,25450043
2,25465270
2,25496027
2,25602693
2,25634175
2,25645670
2,25667410
2,25673834
2,25693655
2,25704521
2,25706215
2,25728957
2,25730751
2,25740320
2,25741460
2,25788471
2,25839315
2,25853870
2,25870979
2,25873451
2,25887161
2,25900934
2,25908558
2,26017977
2,26048146
2,26111798
2,26160835
2,26165308
2,26184654
2,26196055
2,26219837
2,26270690
2,26283614
2,26291038
2,26336362
2,26419868
2,26433000
2,26437813
2,26447112
2,26454596
2,26456713
2,26465478
2,26496916
2,26537603
2,26607764
2,26652224
2,26685547
2,26693759
2,26735303
2,26743556
2,26764190
2,26766059
2,26848507
2,26905043
2,26905150
2,26928253
2,27000551
2,27040399
2,27040892
2,27043443
2,27104553
2,27156176
2,27178032
2,27214983
2,27230506
2,27264266
2,27264420
2,27296699
2,27311132
2,27356622
2,27359022
2,27370078
2,27395493
2,27403545
2,27407638
2,27435184
2,27439124
2,27439840
2,27451998
2,27488629
2,27491673
2,27499854
2,27513997
2,27528719
2,27549384
2,27574869
2,27599053
2,27609392
2,27613548
2,27627349
2,27641951
2,27658718
2,27677674
2,27679213
2,27703853
2,27720431
2,27731955
2,27744920
2,27746447
2,27787042
2,27788513
2,27823246
2,27836522
2,27844417
2,27848369
2,27863091
2,28005528
2,28020698
2,28053540
2,28069151
2,28086298
2,28119753
2,28130704
2,28146946
2,28175557
2,28265852
2,28271385
2,28278177
2,28279408
2,28302298
2,28411776
2,28416825
2,28429218
2,28451872
2,28474193
2,28491871
2,28498770
2,28519024
2,28529319
2,28538156
2,28545819
2,28547509
2,28565513
2,28567524
2,28582139
2,28582472
2,28606819
2,28614824
2,28616093
2,28680643
2,28682770
2,28699590
2,28706932
2,28725197
2,28731697
2,28744317
2,28759924
2,28793260
2,28829127
2,28843020
2,28847553
2,28863770
2,28867439
2,28879135
2,28928804
2,28931788
2,28932319
2,28989927
2,29034716
2,29100913
2,29107561
2,29108157
2,29113171
2,29123448
2,29181397
2,29209499
2,29220768
2,29250380
2,29255049
2,29267207
2,29281140
2,29312729
2,29338395
2,29381328
2,29385086
2,29395497
2,29396078
2,29430821
2,29458715
2,29491994
2,29502632
2,29527481
2,29535690
2,29581335
2,29602299
2,29637176
2,29642787
2,29675658
2,29684878
2,29688824
2,29722769
2,29738006
2,29755759
2,29760299
2,29764879
2,29772554
2,29780009
2,29797819
2,29863905
2,29885102
2,29899063
2,29906599
2,29910891
2,29913143
2,29922973
2,29943300
2,29961763
2,29994394
2,30008968
2,30011218
2,30017372
2,30030554
2,30060073
2,30083622
2,30102255
2,30108839
2,30118629
2,30129800
2,30172818
2,30182004
2,30192535
2,30196870
2,30225927
2,30226423
2,30227494
2,30249159
2,30253799
2,30308990
2,30374138
2,30375733
2,30382255
2,30398988
2,30409524
2,30410747
2,30441716
2,30476902
2,30479503
2,30482702
2,30487445
2,30488479
2,30508626
2,30537909
2,30547026
2,30559099
2,30581762
2,30611479
2,30612958
2,30642364
2,30692890
2,30693034
2,30718450
2,30722116
2,30740312
2,30741889
2,30746165
2,30777609
2,30792569
2,30836269
2,30849445
2,30870305
2,30920338
2,30929973
2,30948930
2,30952282
2,30963541
2,31016656
2,31024774
2,31048779
2,31062932
2,31066083
2,31070324
2,31084813
2,31103754
2,31109877
2,31169011
2,31195334
2,31205683
2,31232628
2,31263676
2,31281499
2,31290744
2,31294046
2,31330039
2,31379444
2,31388743
2,31407216
2,31412038
2,31463036
2,31463526
2,31485278
2,31524030
2,31536778
2,31537579
2,31554324
2,31558044
2,31568939
2,31590418
2,31644789
2,31646932
2,31649307
2,31668433
2,31681596
2,31682099
2,31688168
2,31699120
2,31719826
2,31721636
2,31741016
2,31742191
2,31788058
2,31799874
2,31808108
2,31808545
2,31829383
2,31836075
2,31855037
2,31855942
2,31859743
2,31862370
2,31867095
2,31909047
2,31921149
2,31924454
2,31937334
2,31964333
2,31991439
2,32010012
2,32070114
2,32140573
2,32211435
2,32235390
2,32240511
2,32244123
2,32279482
2,32282482
2,32314002
2,32323483
2,32331202
2,32343184
2,32343329
2,32370334
2,32388451
2,32451896
2,32484851
2,32490537
2,32498935
2,32501216
2,32505042
2,32535091
2,32551158
2,32593277
2,32628752
2,32640285
2,32668232
2,32677500
2,32747934
2,32752377
2,32768480
2,32797411
2,32802180
2,32814074
2,32848038
2,32854573
2,32891263
2,32909406
2,32943275
2,32974682
2,32997374
2,33030982
2,33074867
2,33098633
2,33124998
2,33126056
2,33130719
2,33159285
2,33170746
2,33174101
2,33176256
2,33177695
2,33225208
2,33231903
2,33259596
2,33269806
2,33297091
2,33327527
2,33333970
2,33352801
2,33386922
2,33394851
2,33411140
2,33434212
2,33441208
2,33443348
2,33444903
2,33460181
2,33465210
2,33476630
2,33479775
2,33511379
2,33522554
2,33544828
2,33567463
2,33585320
2,33593353
2,33624998
2,33652424
2,33670322
2,33677937
2,33708329
2,33714505
2,33731916
2,33772467
2,33784622
2,33789036
2,33792241
2,33794770
2,33799212
2,33934479
2,33938111
2,33946364
2,33960162
2,33998269
2,34010019
2,34012966
2,34016613
2,34045208
2,34062034
2,34066561
2,34067918
2,34084732
2,34110804
2,34116610
2,34120308
2,34183994
2,34184811
2,34186108
2,34189121
2,34232397
2,34270548
2,34278452
2,34311769
2,34314631
2,34317584
2,34344385
2,34374858
2,34376382
2,34383008
2,34432664
2,34442792
2,34458243
2,34470426
2,34493218
2,34543505
2,34602715
2,34606560
2,34657617
2,34667501
2,34687042
2,34703026
2,34708964
2,34733547
2,34741479
2,34769081
2,34770834
2,34798876
2,34809315
2,34821649
2,34828665
2,34839289
2,34851457
2,34855641
2,34879929
2,34894384
2,34896488
2,34901326
2,34943245
2,34972330
2,34992411
2,35013246
2,35018894
2,35024794
2,35056279
2,35070866
2,35091745
2,35107270
2,35142752
2,35156015
2,35156986
2,35164953
2,35207783
2,35234794
2,35242211
2,35271145
2,35273838
2,35306912
2,35319337
2,35324169
2,35376533
2,35414625
2,35497173
2,35504729
2,35520267
2,35591132
2,35633424
2,35719787
2,35760854
2,35767445
2,35800516
2,35858111
2,35863637
2,35867712
2,35871890
2,35880947
2,35899944
2,35929661
2,35943283
2,35990152
2,36005800
2,36033638
2,36035712
2,36036164
2,36074479
2,36075654
2,36087985
2,36088707
2,36101776
2,36106752
2,36125740
2,36140942
2,36144744
2,36173982
2,36180621
2,36201980
2,36231125
2,36240594
2,36242221
2,36249274
2,36257945
2,36280960
2,36283250
2,36300564
2,36339211
2,36352315
2,36376951
2,36386546
2,36388349
2,36388937
2,36417999
2,36463138
2,36483894
2,36495977
2,36525379
2,36536849
2,36557621
2,36577457
2,36578626
2,36581095
2,36587152
2,36601029
2,36622467
2,36641090
2,36680410
2,36693800
2,36700441
2,36721854
2,36724543
2,36742224
2,36754901
2,36812948
2,36821992
2,36833315
2,36847524
2,36863056
2,36863936
2,36872990
2,36929759
2,36945002
2,36965453
2,36973091
2,36986342
2,36992392
2,37003743
2,37006002
2,37030663
2,37071328
2,37078598
2,37089933
2,37127949
2,37148643
2,37158149
2,37158272
2,37162079
2,37181843
2,37194972
2,37288497
2,37305037
2,37334575
2,37342674
2,37347823
2,37369286
2,37452199
2,37455903
2,37456198
2,37472676
2,37472971
2,37482930
2,37524877
2,37539718
2,37575481
2,37655190
2,37670087
2,37689386
2,37720595
2,37734964
2,37749284
2,37762815
2,37785060
2,37793247
2,37793637
2,37831694
2,37862199
2,37893938
2,37900863
2,37923909
2,37956447
2,37978444
2,37980093
2,37986154
2,37998447
2,38011704
2,38056833
2,38137302
2,38144927
2,38161627
2,38167647
2,38201547
2,38226448
2,38255250
2,38261423
2,38264046
2,38274096
2,38275906
2,38277492
2,38282783
2,38284112
2,38294752
2,38308723
2,38313718
2,38322455
2,38351084
2,38411155
2,38444999
2,38454091
2,38469506
2,38542574
2,38569117
2,38585403
2,38609502
2,38617372
2,38644135
2,38647632
2,38708974
2,38768790
2,38801585
2,38822486
2,38849573
2,38859102
2,38864581
2,38899854
2,38941729
2,38953497
2,39004378
2,39005352
2,39006643
2,39034245
2,39041204
2,39047566
2,39098478
2,39108833
2,39185824
2,39203002
2,39205528
2,39209188
2,39218940
2,39219279
2,39236435
2,39242476
2,39247016
2,39247830
2,39272152
2,39289937
2,39329888
2,39331779
2,39348295
2,39375133
2,39384194
2,39411315
2,39426850
2,39442062
2,39452803
2,39460098
2,39474521
2,39486142
2,39500894
2,39514950
2,39516100
2,39543117
2,39552454
2,39579437
2,39594033
2,39602801
2,39723140
2,39782010
2,39797803
2,39842621
2,39874854
2,39885454
2,39908039
2,39911962
2,39922584
2,39940746
2,39989645
2,40005943
2,40060082
2,40060632
2,40078611
2,40086817
2,40095720
2,40110775
2,40150438
2,40162907
2,40163573
2,40163796
2,40183745
2,40208180
2,40214174
2,40216270
2,40225553
2,40229056
2,40231632
2,40242976
2,40263617
2,40268351
2,40336115
2,40340529
2,40364974
2,40366120
2,40368150
2,40386544
2,40399236
2,40402283
2,40404470
2,40405547
2,40414730
2,40415836
2,40422518
2,40424375
2,40433250
2,40445389
2,40448939
2,40519383
2,40529307
2,40530168
2,40532326
2,40535723
2,40569633
2,40581816
2,40649464
2,40664606
2,40677261
2,40700392
2,40724513
2,40731280
2,40760437
2,40763343
2,40776390
2,40790616
2,40832638
2,40856982
2,40862410
2,40879699
2,40884621
2,40894687
2,40896871
2,40903528
2,40905369
2,40924526
2,40933181
2,40955496
2,40965800
2,40966265
2,40966300
2,40975611
2,41004527
2,41011765
2,41033354
2,41050727
2,41050793
2,41062030
2,41098979
2,41100483
2,41123709
2,41142003
2,41147124
2,41265838
2,41275530
2,41278580
2,41281229
2,41305887
2,41309842
2,41319716
2,41326747
2,41340335
2,41376381
2,41377983
2,41408331
2,41412673
2,41497034
2,41499632
2,41529722
2,41543583
2,41587792
2,41598564
2,41603933
2,41606870
2,41627014
2,41663960
2,41670617
2,41670968
2,41676689
2,41755173
2,41759568
2,41820185
2,41825305
2,41876529
2,41904065
2,41929254
2,41965326
2,41988030
2,41988920
2,42011709
2,42064035
2,42109324
2,42114555
2,42158770
2,42164227
2,42187292
2,42239927
2,42256756
2,42265886
2,42400848
2,42422946
2,42432739
2,42439147
2,42442540
2,42460771
2,42511313
2,42527297
2,42576319
2,42592950
2,42606755
2,42643508
2,42643734
2,42661899
2,42666379
2,42674959
2,42695159
2,42731441
2,42757670
2,42781628
2,42789580
2,42793199
2,42821812
2,42836509
2,42840875
2,42844686
2,42861418
2,42909529
2,42920977
2,42941262
2,42946135
2,42946279
2,42952719
2,42952889
2,42980293
2,42995401
2,43015702
2,43039474
2,43086803
2,43097660
2,43111609
2,43142443
2,43147379
2,43147881
2,43162537
2,43167095
2,43170008
2,43170429
2,43172122
2,43191169
2,43203572
2,43210597
2,43252192
2,43261073
2,43271930
2,43282986
2,43291581
2,43307898
2,43323116
2,43325582
2,43337307
2,43343942
2,43344143
2,43369891
2,43396199
2,43399890
2,43437612
2,43470184
2,43489291
2,43541331
2,43545236
2,43603120
2,43623490
2,43625070
2,43627138
2,43692687
2,43707575
2,43719155
2,43744262
2,43764017
2,43776856
2,43777340
2,43790318
2,43814534
2,43822312
2,43835284
2,43840493
2,43863454
2,43914901
2,43921985
2,43929667
2,43939374
2,43994676
2,43995602
2,44001458
2,44007182
2,44011725
2,44017125
2,44034973
2,44036440
2,44075452
2,44105037
2,44106102
2,44115727
2,44121407
2,44187761
2,44244640
2,44275402
2,44314992
2,44369307
2,44388163
2,44390830
2,44439861
2,44491757
2,44528461
2,44545783
2,44547291
2,44576646
2,44583998
2,44585370
2,44586124
2,44591801
2,44625586
2,44627773
2,44632243
2,44635611
2,44636377
2,44649820
2,44651159
2,44689181
2,44700566
2,44720242
2,44729978
2,44766719
2,44769414
2,44808621
2,44823161
2,44904830
2,45028197
2,45041847
2,45044247
2,45049490
2,45056361
2,45069974
2,45074821
2,45116190
2,45126214
2,45132136
2,45162506
2,45197230
2,45208672
2,45265041
2,45298531
2,45303576
2,45321021
2,45378139
2,45382704
2,45401559
2,45406155
2,45407742
2,45424144
2,45425194
2,45437088
2,45459936
2,45462839
2,45481437
2,45493077
2,45513491
2,45517349
2,45537512
2,45538385
2,45578610
2,45582776
2,45596797
2,45613111
2,45623931
2,45628590
2,45645228
2,45655328
2,45734556
2,45736214
2,45753688
2,45757995
2,45759129
2,45789467
2,45796555
2,45814459
2,45831606
2,45843512
2,45844050
2,45902722
2,45917560
2,45923438
2,45923670
2,45945554
2,45959582
2,45982053
2,45985632
2,45989502
2,46014635
2,46028590
2,46037449
2,46041763
2,46051080
2,46054219
2,46065595
2,46122599
2,46124864
2,46126695
2,46130158
2,46140242
2,46150308
2,46156493
2,46160179
2,46165296
2,46171190
2,46173433
2,46185666
2,46187705
2,46189760
2,46190083
2,46192135
2,46198302
2,46208864
2,46215942
2,46254744
2,46263584
2,46285849
2,46303925
2,46306275
2,46308503
2,46321022
2,46337757
2,46390269
2,46399521
2,46399530
2,46412131
2,46417981
2,46423862
2,46447694
2,46455520
2,46457552
2,46474611
2,46475635
2,46479867
2,46489163
2,46493153
2,46515442
2,46521377
2,46527415
2,46534726
2,46545159
2,46549500
2,46551059
2,46557229
2,46566123
2,46566682
2,46571080
2,46577099
2,46577282
2,46579377
2,46585952
2,46588987
2,46594874
2,46687193
2,46687950
2,46699430
2,46703017
2,46707224
2,46725568
2,46737641
2,46737757
2,46747286
2,46761872
2,46772525
2,46777567
2,46804651
2,46806891
2,46825568
2,46831053
2,46866933
2,46871347
2,46881265
2,46894560
2,46900143
2,46929847
2,46938939
2,46979154
2,46990153
2,47001114
2,47011132
2,47046504
2,47053566
2,47055906
2,47056129
2,47070204
2,47071039
2,47093495
2,47096650
2,47100988
2,47114136
2,47116655
2,47131154
2,47133768
2,47180191
2,47218188
2,47286462
2,47298484
2,47320048
2,47324666
2,47328069
2,47333856
2,47343406
2,47354047
2,47355388
2,47362519
2,47372701
2,47414485
2,47414585
2,47428989
2,47439231
2,47491278
2,47495223
2,47501456
2,47531173
2,47537007
2,47545762
2,47555228
2,47578341
2,47586094
2,47610448
2,47632552
2,47636897
2,47682092
2,47682312
2,47682418
2,47800093
2,47811214
2,47817256
2,47833727
2,47834883
2,47835134
2,47859686
2,47869368
2,47889443
2,47890637
2,47892321
2,47899210
2,47900539
2,47905446
2,47985491
2,48426153
2,48627934
2,48756055
2,49348763
2,49363683
2,49712387
2,49773035
2,49774763
2,49775121
2,49775731
2,49796252
2,49833860
2,49895890
2,49902447
2,49909506
2,49916958
2,49917976
2,49939046
2,49948999
2,49951440
2,49965561
2,49976579
2,50041871
2,50045257
2,50068408
2,50079438
2,50081021
2,50088074
2,50116270
2,50142788
2,50147500
2,50149398
2,50151544
2,50161226
2,50164779
2,50193220
2,50199855
2,50204539
2,50220429
2,50318130
2,50352866
2,50377478
2,50420335
2,50429295
2,50429553
2,50449021
2,50456734
2,50458942
2,50482212
2,50484842
2,50563868
2,50580798
2,50581254
2,50606302
2,50606371
2,50623112
2,50656457
2,50656583
2,50660369
2,50669809
2,50680519
2,50689098
2,50725239
2,50727982
2,50755637
2,50774996
2,50788778
2,50803066
2,50841060
2,50848044
2,50862741
2,50872633
2,50915881
2,50939103
2,50944032
2,50948767
2,50960686
2,50964076
2,50967045
2,51000986
2,51002431
2,51002479
2,51013763
2,51024237
2,51024429
2,51040941
2,51110706
2,51138849
2,51171144
2,51173661
2,51192894
2,51193098
2,51197839
2,51198473
2,51204169
2,51220059
2,51221347
2,51242983
2,51247727
2,51266460
2,51293195
2,51296830
2,51297182
2,51306946
2,51373702
2,51374211
2,51379407
2,51446571
2,51470032
2,51471189
2,51483774
2,51487720
2,51494631
2,51495690
2,51498743
2,51500845
2,51517398
2,51525409
2,51529496
2,51554208
2,51615969
2,51623342
2,51632899
2,51633895
2,51640765
2,51652760
2,51693202
2,51706877
2,51714178
2,51749593
2,51762185
2,51796331
2,51827084
2,51854196
2,51869077
2,51892517
2,51894113
2,51912504
2,51936179
2,51941557
2,51942201
2,51950856
2,51952616
2,52004961
2,52037687
2,52053941
2,52057840
2,52073492
2,52081063
2,52086303
2,52091688
2,52125849
2,52156747
2,52167252
2,52178471
2,52187692
2,52198741
2,52213471
2,52213694
2,52238661
2,52245525
2,52270331
2,52278873
2,52289564
2,52345236
2,52366008
2,52367212
2,52372417
2,52394493
2,52401942
2,52760536
2,53071651
2,53192800
2,53228910
2,53356725
2,53420657
2,53470332
2,53540848
2,53667994
2,53679449
2,53685314
2,53685939
2,53695672
2,53743286
2,53769986
2,53775550
2,53817622
2,54695260
2,54887268
2,55019134
2,55404252
2,55613162
2,55692537
2,55695399
2,55715339
2,55721606
2,55722225
2,55740434
2,55755636
2,55775918
2,55804428
2,55818292
2,55851074
2,55853355
2,55868686
2,55903080
2,55937380
2,56086735
2,56278743
2,56300727
2,56310620
2,56335521
2,56379437
2,56388205
2,56438979
2,56456098
2,56507450
2,56509562
2,56528788
2,56569362
2,56580018
2,56610488
2,56689047
2,56707595
2,56754923
2,56764992
2,56787137
2,56796223
2,56818553
2,56890015
2,57086298
2,57086939
2,57093370
2,57153277
2,57156149
2,57163063
2,57212257
2,57251113
2,57270631
2,57272595
2,57832163
2,57869387
2,57886525
2,57887951
2,57888105
2,57899242
2,57913549
2,57915820
2,57927934
2,57934208
2,57981159
2,58025584
2,58374125
2,58377568
2,59483277
2,59666944
2,59829157
2,59924595
2,61443131
